imdb_id,country_code
tt6574272,US
tt6673840,RU
tt5606538,KR
tt4943322,TR
tt4943322,US
tt5161058,RU
tt5614612,ES
tt5614612,AR
tt5998104,IN
tt3462710,US
tt6003368,US
tt0493405,US
tt5946128,IN
tt4950110,US
tt3606888,GB
tt3182620,CA
tt2932536,GB
tt3859980,IN
tt4645330,GB
tt4645330,US
tt4481414,US
tt5592248,US
tt4434004,IN
tt1691916,US
tt4799050,US
tt4353996,NO
tt5700672,KR
tt5442430,US
tt4643432,FR
tt5662932,IN
tt2321405,CH
tt2321405,FR
tt4954522,BE
tt4954522,FR
tt2671706,US
tt5091538,BE
tt5091538,FR
tt4581576,US
tt4572514,HK
tt4572514,US
tt4651410,CA
tt1711525,US
tt4217392,IN
tt4217392,CN
tt4572792,US
tt4853102,US
tt4701660,CN
tt5320514,IN
tt1753383,US
tt4846340,US
tt5653294,RU
tt4877122,US
tt3495026,IN
tt4687848,CN
tt5221584,BR
tt5221584,FR
tt4520364,US
tt4814290,IN
tt5286444,IN
tt1619029,CL
tt1619029,FR
tt1619029,US
tt4832640,IN
tt1878870,US
tt4651520,US
tt5282006,RU
tt4540710,FR
tt4540710,US
tt3794028,CA
tt3794028,FR
tt3794028,BE
tt4429194,US
tt5278832,PL
tt4387040,IN
tt5013056,NL
tt5013056,FR
tt5013056,GB
tt5013056,US
tt4048272,AT
tt4048272,DE
tt4120176,FR
tt4120176,DE
tt4936450,RO
tt4936450,FR
tt4936450,BE
tt2334871,US
tt5082014,IN
tt4991384,IN
tt4057376,RU
tt5247022,FR
tt5247022,DE
tt5247022,US
tt4535650,IN
tt3640424,GB
tt3640424,US
tt4981636,US
tt3544112,IE
tt3544112,GB
tt3544112,US
tt2392830,BE
tt2392830,US
tt2392830,GB
tt4731008,BE
tt4731008,FR
tt5190958,IN
tt3352390,DE
tt3352390,ZA
tt4981966,IN
tt5071886,MY
tt5071886,IN
tt3922818,US
tt2888046,HK
tt4761270,RU
tt3263904,US
tt3595298,IN
tt3735246,IN
tt1713440,ES
tt3593046,US
tt4901756,RU
tt5819280,IN
tt4501244,US
tt1412528,US
tt1412528,FI
tt1648190,ZA
tt1648190,US
tt2568862,US
tt4824302,US
tt4667094,US
tt3655414,AR
tt3655414,FR
tt3655414,ES
tt4190530,CZ
tt4190530,FR
tt4190530,GB
tt1540011,CA
tt1540011,US
tt3863552,IN
tt4088268,DK
tt4871022,RU
tt4824308,US
tt4034354,US
tt3387266,GB
tt3181776,ZA
tt3181776,US
tt3631112,US
tt3717252,US
tt2872518,US
tt4682786,US
tt4337690,US
tt3393786,CN
tt3393786,US
tt4385888,US
tt4139124,US
tt2261287,CA
tt2261287,FR
tt4679210,IN
tt4465564,US
tt2406566,SE
tt2406566,US
tt2406566,DE
tt4306116,PK
tt4731136,DE
tt4731136,US
tt4714782,DE
tt4714782,FR
tt4550098,US
tt4649416,US
tt1661275,GB
tt4287320,US
tt4257926,US
tt2239822,FR
tt1469304,US
tt4669986,GB
tt4669986,US
tt4196450,US
tt3890160,GB
tt3890160,US
tt4513674,US
tt1798603,US
tt4881242,IN
tt2582782,US
tt4629032,RU
tt4110568,IN
tt2424988,IN
tt3716530,BE
tt3716530,FR
tt3716530,DE
tt4630562,US
tt4501454,US
tt3616916,NO
tt4285496,AR
tt4285496,CO
tt4285496,VE
tt3966404,QA
tt3966404,FR
tt3966404,DE
tt3966404,TR
tt3808342,HU
tt4129870,US
tt3276924,US
tt3371366,US
tt3470600,US
tt4361050,US
tt1389139,US
tt3231054,US
tt3540136,CN
tt4034228,US
tt3553976,US
tt1800302,US
tt4158096,FR
tt4158096,GB
tt3781476,CN
tt3781476,HK
tt2368619,LU
tt2368619,FR
tt2368619,GB
tt2368619,US
tt2822672,CN
tt2822672,US
tt4183692,US
tt2404435,US
tt2436682,US
tt2091935,US
tt1366338,US
tt1179933,US
tt2057392,GB
tt2279339,US
tt1620935,US
tt3767372,IN
tt4052882,US
tt4624424,US
tt2387499,US
tt3268668,US
tt2062700,US
tt4537362,RU
tt3797868,US
tt3748528,US
tt4806232,IN
tt2582500,CA
tt2582500,FR
tt2543164,US
tt1608290,US
tt3791302,FR
tt3387542,US
tt4271820,IN
tt3722070,GB
tt3531824,US
tt3628584,US
tt4187590,RU
tt1355631,GB
tt3072482,RU
tt3072482,US
tt3714720,US
tt4438848,US
tt4116284,DK
tt4116284,US
tt2119532,AU
tt2119532,US
tt4196776,GB
tt4196776,US
tt4196776,CN
tt4425200,US
tt2072233,US
tt3499096,CA
tt3499096,DE
tt2702724,US
tt2869728,US
tt3678782,IN
tt4383594,CN
tt4383594,FR
tt3322364,AU
tt3322364,US
tt3322364,GB
tt2080374,US
tt2771200,GB
tt2771200,US
tt3882082,US
tt3882082,CN
tt3882082,CA
tt4142022,IT
tt4374460,RO
tt4374460,BG
tt4374460,CZ
tt4374460,FR
tt1083452,DE
tt1083452,GB
tt1083452,US
tt4176826,DE
tt1002563,US
tt1596363,US
tt4005402,GB
tt4005402,FR
tt4005402,DE
tt4005402,LU
tt4341582,US
tt4341582,ZA
tt2979920,IN
tt1124037,US
tt2823054,US
tt1219827,AU
tt1219827,NZ
tt1219827,US
tt1219827,GB
tt1219827,IN
tt1219827,CN
tt1219827,CA
tt1219827,JP
tt1219827,HK
tt4136084,GB
tt4136084,US
tt4262980,JP
tt3707106,FR
tt3707106,US
tt1895587,CA
tt1895587,US
tt1212428,GB
tt1212428,US
tt4062536,US
tt4302938,US
tt3076658,US
tt2034800,AU
tt2034800,CA
tt2034800,CN
tt2034800,HK
tt2034800,US
tt3312830,GB
tt3312830,IT
tt3312830,FR
tt3312830,CH
tt4276820,US
tt4228746,IN
tt1754656,FR
tt2909116,FR
tt2909116,CN
tt3534602,GB
tt3534602,US
tt3949660,CN
tt3949660,US
tt3949660,HK
tt3859304,US
tt2005151,KH
tt2005151,US
tt3824458,US
tt1798684,US
tt0810819,DE
tt0810819,GB
tt0810819,US
tt0810819,BE
tt0810819,DK
tt1658801,US
tt3717490,US
tt3717490,CA
tt3862750,US
tt2404425,GB
tt2404425,US
tt1172049,US
tt2241351,US
tt2140479,US
tt1489889,US
tt3760922,CA
tt3760922,US
tt0133117,US
tt3774114,DE
tt3774114,US
tt3014866,GB
tt3014866,US
tt3289728,US
tt2796678,US
tt1974419,DK
tt1974419,FR
tt1974419,US
tt3787590,GB
tt3787590,US
tt3787590,FR
tt4258292,IN
tt3859076,US
tt3859076,AU
tt2025690,US
tt4172430,MT
tt4172430,MA
tt4172430,US
tt4158624,US
tt3896100,ES
tt3672840,HK
tt3672840,CN
tt4276752,CN
tt2304933,US
tt3135556,US
tt2910904,AU
tt1490785,US
tt0451279,US
tt1386697,US
tt2338151,IN
tt1860357,HK
tt1860357,US
tt3068194,GB
tt3068194,US
tt3068194,IE
tt3068194,NL
tt3068194,FR
tt3530002,US
tt1524930,US
tt3682448,IN
tt3682448,US
tt3682448,DE
tt2503944,US
tt2937696,US
tt3874544,US
tt2788732,US
tt4046784,US
tt3203606,US
tt1655441,US
tt1458169,GB
tt1458169,US
tt2513074,CN
tt2513074,GB
tt2513074,US
tt2006295,US
tt2006295,CL
tt3731562,US
tt3037582,UA
tt3774694,BE
tt3774694,FR
tt4030600,US
tt1860213,US
tt3110958,CA
tt3110958,CN
tt3110958,GB
tt3110958,US
tt1974420,US
tt2401878,US
tt2952602,HK
tt2952602,CN
tt2401097,US
tt1741273,ES
tt1741273,GB
tt1741273,US
tt2381991,US
tt3799694,GB
tt3799694,US
tt4016934,KR
tt1730768,CZ
tt1730768,GB
tt1730768,US
tt2938956,BE
tt2938956,CN
tt2938956,FR
tt3850590,US
tt1881002,CH
tt1881002,US
tt1472584,GB
tt1472584,US
tt3622592,US
tt2933544,US
tt1791681,GB
tt1791681,US
tt3659388,US
tt0044177,US
tt0191076,CA
tt3488710,US
tt3835080,GB
tt3835080,US
tt2039393,US
tt3316960,US
tt3442006,US
tt1211837,US
tt3896198,US
tt1365050,US
tt2547584,NZ
tt2752772,US
tt1935859,BE
tt1935859,GB
tt1935859,US
tt2891174,US
tt3715320,US
tt2799166,US
tt2908856,FR
tt2908856,GB
tt2908856,US
tt2345759,US
tt1663202,CA
tt1663202,HK
tt1663202,TW
tt1663202,US
tt3450958,CA
tt3450958,US
tt3553442,US
tt3040964,GB
tt3040964,US
tt3522806,TH
tt3522806,FR
tt3522806,US
tt3416828,US
tt3521164,US
tt1398426,US
tt3569230,GB
tt3569230,US
tt3569230,FR
tt1594972,US
tt1594972,IN
tt3623726,US
tt0315642,IN
tt1355644,US
tt1972591,US
tt1618442,US
tt2446980,US
tt1528854,US
tt3018070,US
tt1020072,GB
tt1020072,US
tt3397884,US
tt1727776,US
tt3460252,US
tt3098306,FR
tt3369806,US
tt1666801,US
tt3266724,RU
tt2788556,GB
tt2788556,FR
tt2638144,US
tt3152624,US
tt0900387,BE
tt0900387,GB
tt0900387,FR
tt0900387,CA
tt3142232,IN
tt3498820,US
tt1911658,US
tt2238032,CN
tt2238032,HK
tt2238032,US
tt0475290,US
tt3235888,US
tt2980210,MX
tt2980210,FR
tt2980210,DE
tt2980210,GB
tt2980210,US
tt2948356,US
tt3399024,FR
tt2967224,US
tt3668162,IN
tt2091256,US
tt2555736,GB
tt2555736,US
tt2844798,HU
tt2844798,SE
tt2844798,DE
tt3691740,IN
tt3691740,US
tt3300542,BG
tt3300542,US
tt3300542,GB
tt3381008,AU
tt3381008,GB
tt3381008,US
tt2980516,GB
tt3332064,US
tt3614530,US
tt2515034,FR
tt2515034,ES
tt2515034,GB
tt2515034,US
tt1850457,US
tt2720680,DK
tt2720680,GB
tt2720680,ZA
tt2720680,SE
tt2720680,BE
tt3331846,JP
tt3612616,CA
tt2268016,US
tt0470752,GB
tt2398231,FR
tt2398231,US
tt3170832,CA
tt3170832,IE
tt3605418,CL
tt3605418,US
tt3315342,US
tt3095734,US
tt3410834,US
tt2908446,US
tt3433074,IE
tt3433074,GB
tt3316948,CH
tt3316948,US
tt1355683,GB
tt1355683,US
tt3621288,RU
tt3606752,US
tt2446042,FR
tt2446042,US
tt2361317,US
tt1292566,US
tt3065204,CA
tt3065204,US
tt3183660,GB
tt3183660,US
tt0918940,CA
tt0918940,GB
tt0918940,US
tt2402927,GB
tt2402927,US
tt3416532,ES
tt3416532,US
tt1051904,AU
tt1051904,US
tt2978102,US
tt1878841,US
tt2120120,US
tt2361509,US
tt3517192,IN
tt2561572,US
tt2058673,DE
tt2058673,US
tt2058673,CN
tt1810683,MX
tt1810683,US
tt3450650,US
tt1772288,US
tt3007512,AU
tt3007512,US
tt2381941,US
tt2870612,US
tt2631186,IN
tt2515030,BE
tt2515030,FR
tt2515030,ES
tt2893490,US
tt2402157,GB
tt2402157,US
tt3321428,ES
tt1430612,CA
tt1430612,FR
tt2848292,US
tt3464902,FR
tt3464902,GR
tt3464902,IE
tt3464902,NL
tt3464902,GB
tt3177316,US
tt2126355,CA
tt2126355,US
tt2126355,AU
tt3508840,CN
tt3508840,FR
tt3508840,HK
tt3508840,TW
tt3164256,US
tt2719848,IS
tt2719848,US
tt2719848,GB
tt2883434,US
tt2465146,US
tt3451498,RU
tt0884732,US
tt3014666,US
tt1791682,US
tt2326554,US
tt2494384,FR
tt2494384,US
tt2494384,ES
tt3202120,FR
tt3338310,RU
tt3172532,US
tt2528814,US
tt1355630,US
tt2679042,ID
tt2679042,DE
tt2679042,US
tt3320578,IN
tt2452254,DE
tt2452254,FR
tt2452254,CH
tt3385516,US
tt3099498,US
tt1216491,US
tt2911666,CA
tt2911666,CN
tt2911666,US
tt2325977,AU
tt2707858,FR
tt2649554,US
tt1596345,US
tt3077214,GB
tt2582802,US
tt2182972,US
tt2581244,US
tt1969062,US
tt2994190,US
tt2465578,IT
tt2637294,US
tt1029360,US
tt2626350,US
tt2872718,US
tt2321549,CA
tt2321549,AU
tt2910814,US
tt2355495,US
tt2980592,US
tt3125324,US
tt2199571,US
tt2567026,GB
tt2567026,US
tt3216348,US
tt2937898,AE
tt2937898,US
tt2872732,FR
tt2872732,US
tt1371150,US
tt2358925,US
tt1972779,US
tt2170593,US
tt3079380,US
tt2140379,US
tt2183034,US
tt1929263,US
tt3253930,ES
tt3210686,US
tt1841642,GB
tt1841642,US
tt2865120,CA
tt2865120,HK
tt2865120,US
tt2247476,US
tt1086772,US
tt1178665,US
tt1657510,US
tt2870708,US
tt2667960,GB
tt2667960,NO
tt2088003,FI
tt2088003,DE
tt2088003,GB
tt2870756,GB
tt2870756,US
tt2305051,US
tt2788710,US
tt2262227,MX
tt2262227,US
tt2726560,US
tt2980648,IN
tt2980648,US
tt2980648,AE
tt2279373,US
tt2224026,US
tt2713180,GB
tt2713180,US
tt2713180,CN
tt1976009,GB
tt1976009,US
tt2452042,US
tt2978462,US
tt2436386,US
tt1376213,BE
tt1376213,GB
tt1376213,ES
tt1715336,FR
tt1715336,ES
tt1715336,GB
tt1715336,US
tt1809398,US
tt2170439,US
tt0435651,US
tt2318092,US
tt2103254,US
tt1956620,US
tt2884018,FR
tt2884018,GB
tt2884018,US
tt2024469,FR
tt2024469,GB
tt2024469,US
tt1800246,US
tt2180411,US
tt1700841,CA
tt1700841,US
tt1243974,US
tt1826590,US
tt2737050,IT
tt2737050,BE
tt2737050,FR
tt2476154,IN
tt0456047,TR
tt2358592,IN
tt2980706,US
tt1698641,US
tt2467046,US
tt3060952,US
tt2106361,US
tt2855648,IN
tt2637276,US
tt1839642,US
tt2461150,US
tt2461150,PR
tt2883512,US
tt1486834,CA
tt1486834,IE
tt2383068,US
tt2309961,CA
tt3045616,US
tt2267998,US
tt2692904,GB
tt2692904,US
tt1662293,US
tt1742044,US
tt2170299,US
tt2718492,DK
tt2718492,FR
tt2718492,PL
tt2718492,GB
tt2345112,US
tt1663207,US
tt2319580,CA
tt2975590,US
tt1224378,CZ
tt1224378,RU
tt1224378,UA
tt3062096,HU
tt3062096,US
tt2802144,GB
tt2802144,US
tt2379713,GB
tt2379713,US
tt2397535,AU
tt2356180,IN
tt1390411,US
tt2404181,GB
tt1872194,US
tt2404233,AU
tt2404233,US
tt2431286,GB
tt2112124,IN
tt2224317,IN
tt1726592,FR
tt1726592,SE
tt1726592,GB
tt2295196,IL
tt2312718,US
tt1638355,US
tt1966566,RU
tt2717822,US
tt2554274,CA
tt2554274,US
tt2223990,US
tt2800038,US
tt2004432,AU
tt2005374,US
tt1214961,IN
tt1980929,US
tt1647668,US
tt1823672,MX
tt1823672,ZA
tt1823672,US
tt2316801,FR
tt2316801,DE
tt1777595,US
tt1823664,US
tt2126235,CN
tt2126235,DE
tt2126235,GB
tt2562232,US
tt1924435,US
tt1091191,US
tt2172935,US
tt2203939,US
tt2668134,JP
tt2343793,BE
tt2343793,DE
tt2343793,GB
tt2343793,US
tt2304771,GB
tt2304771,ZA
tt2172934,FR
tt2172934,US
tt2350496,IN
tt2350496,FR
tt2350496,DE
tt2359810,IN
tt1747958,FR
tt1747958,US
tt2179136,US
tt2717558,PH
tt2660888,US
tt2555958,IN
tt1674771,US
tt1043726,US
tt2463288,US
tt2294449,US
tt2178470,IN
tt1267297,US
tt2239832,US
tt2402101,FR
tt2402101,GB
tt2402101,US
tt2692250,GB
tt2692250,US
tt1014763,GB
tt1014763,US
tt1014763,CZ
tt1014763,RO
tt2763304,GB
tt2265171,ID
tt2786278,IN
tt2358891,IT
tt0469021,GB
tt2381249,CN
tt2381249,US
tt2245084,US
tt2771372,US
tt1464191,US
tt2051894,US
tt1621039,US
tt1425922,US
tt1171222,US
tt2140037,US
tt2592614,FR
tt2592614,AU
tt2592614,CA
tt2592614,DE
tt1487931,ZA
tt2357291,US
tt2403021,CA
tt2403021,CL
tt2403021,US
tt1791528,US
tt0787474,US
tt0365907,US
tt2101473,DE
tt2171867,US
tt0383222,US
tt1800241,US
tt1408253,US
tt2820852,JP
tt2820852,US
tt2366608,US
tt1847713,CN
tt1847713,HK
tt2523600,IT
tt2381111,CA
tt2381111,IE
tt1790809,US
tt1502712,US
tt2377938,IN
tt1206543,US
tt2243621,RU
tt1837703,BE
tt1837703,US
tt2456720,IT
tt0114296,US
tt2210834,FR
tt2357377,KR
tt2334873,US
tt2510894,US
tt0110289,FR
tt0110289,RU
tt2592500,RU
tt2224004,US
tt1964418,US
tt1911644,US
tt1972571,GB
tt1972571,US
tt1972571,DE
tt2382396,US
tt2345737,AU
tt1981107,CA
tt1981107,FR
tt2333804,GB
tt2333804,FR
tt2333804,US
tt2333804,RO
tt2217859,DK
tt2217859,FR
tt2217859,DE
tt2217859,NO
tt2217859,US
tt2388715,US
tt1524575,US
tt1714206,US
tt2294677,GB
tt2294677,US
tt2209764,CN
tt2209764,GB
tt2209764,US
tt1840309,US
tt0816692,CA
tt0816692,US
tt0816692,GB
tt1609479,GB
tt1609479,US
tt1985019,GB
tt1985019,US
tt0455944,US
tt2059171,US
tt1600196,US
tt1985949,FI
tt1985949,US
tt1634003,AR
tt1634003,ES
tt2404461,FR
tt2404461,IT
tt2404461,IR
tt2177771,DE
tt2177771,US
tt2017038,US
tt1924396,IT
tt1322269,US
tt1798709,CN
tt1798709,US
tt1951181,US
tt2278871,FR
tt2278871,BE
tt1922685,US
tt1691917,US
tt1661199,GB
tt1661199,US
tt2096673,US
tt2576852,JP
tt2013293,JP
tt1305797,IN
tt2258337,IN
tt0944114,FI
tt2550838,IT
tt1727388,US
tt1528100,ES
tt1528100,GB
tt1528100,US
tt2083355,US
tt2473510,US
tt2387559,US
tt2364841,US
tt1392214,US
tt2167202,BG
tt2167202,US
tt2034139,US
tt1712261,US
tt2281587,US
tt2084989,US
tt2387433,US
tt2243389,ES
tt1814621,US
tt1742334,US
tt2062575,MX
tt0018618,US
tt1766044,RU
tt2368672,BE
tt2368672,FR
tt2140373,AU
tt2140373,GB
tt2140373,US
tt2363213,NO
tt2488496,US
tt2267968,CN
tt2267968,US
tt1781784,US
tt1925431,US
tt1723121,US
tt1885300,US
tt2333784,FR
tt2333784,US
tt1837709,US
tt2398241,US
tt1631867,AU
tt1631867,US
tt1490017,US
tt1205537,RU
tt1205537,US
tt1204975,US
tt2011159,US
tt1679335,US
tt2369135,PH
tt2369135,US
tt2369135,GB
tt2369135,FR
tt2404463,US
tt1893256,US
tt1893256,GB
tt1272878,US
tt0882977,US
tt0882977,AE
tt1980209,US
tt2371486,KR
tt1939659,US
tt2091473,AE
tt2091473,US
tt1857842,AU
tt1826660,RU
tt1327773,US
tt2209418,GR
tt2209418,US
tt2023587,ES
tt2023587,CA
tt0151150,IN
tt1951266,DE
tt1951266,US
tt1951265,US
tt1954701,DE
tt1967545,US
tt2106741,CN
tt2106741,HK
tt1821549,US
tt1758795,US
tt1230215,US
tt1877832,GB
tt1877832,US
tt2058107,AU
tt2058107,GB
tt1433811,US
tt2082197,IN
tt1656186,US
tt2277860,US
tt2316204,AU
tt2316204,CA
tt2316204,NZ
tt2316204,GB
tt2316204,US
tt1816518,BE
tt1816518,FR
tt1816518,LU
tt1854236,DK
tt1854236,FR
tt1854236,IT
tt1854236,SE
tt1854236,DE
tt0831387,JP
tt0831387,US
tt0790628,US
tt2375605,DK
tt2375605,NO
tt2375605,GB
tt1538403,US
tt1763264,US
tt1780762,CL
tt1780762,US
tt2310332,NZ
tt2310332,US
tt2194499,GB
tt1659343,US
tt2101441,FR
tt2101441,US
tt2094766,FR
tt2094766,HK
tt2094766,MT
tt2094766,TW
tt2094766,GB
tt2094766,US
tt1441951,GB
tt1764625,ES
tt1396226,IT
tt1396226,ES
tt1396226,HR
tt2131698,IL
tt2131698,GB
tt2244376,PH
tt2278388,GB
tt2278388,US
tt2278388,DE
tt1291580,US
tt2103281,US
tt1904996,US
tt2181931,IN
tt0128214,US
tt2015381,GB
tt2015381,US
tt1758595,SE
tt1758595,GB
tt1758595,FR
tt1758595,BE
tt2168910,IN
tt2168910,GB
tt1954470,IN
tt1934269,IL
tt0106505,US
tt2199711,IN
tt2302755,US
tt2334879,US
tt0249516,US
tt0359950,US
tt2234155,US
tt0848537,US
tt0857190,GB
tt1109624,GB
tt2357129,US
tt1413495,FR
tt1413495,US
tt2126362,IE
tt2304517,US
tt2321513,IN
tt1981677,US
tt1866249,US
tt1702439,US
tt0027690,US
tt2404311,FR
tt2404311,US
tt0040597,GB
tt2304655,IN
tt1786751,US
tt2318405,RU
tt2103267,FR
tt2103267,AU
tt0043116,US
tt2018086,FR
tt1706620,KR
tt1706620,FR
tt1706620,CZ
tt1706620,US
tt2328813,RU
tt1650048,CA
tt1650048,FR
tt2292959,US
tt2097307,US
tt1559547,US
tt1985966,US
tt2294629,US
tt1229340,US
tt1951261,US
tt2024432,US
tt1288558,US
tt1535109,US
tt2053463,US
tt2191701,US
tt1532958,US
tt1245492,US
tt0453562,US
tt2193215,GB
tt2193215,US
tt0091613,US
tt1213663,GB
tt1211956,US
tt1711425,US
tt2002718,US
tt0993846,US
tt1954352,US
tt1979388,US
tt2345561,IN
tt0066826,SE
tt0066826,US
tt1731697,CA
tt1731697,US
tt1731697,GB
tt1935179,US
tt1403214,AT
tt1403214,FR
tt1403214,DE
tt2106476,DK
tt2106476,SE
tt2103217,FR
tt2103217,US
tt0478970,US
tt1753722,BR
tt1531901,IE
tt1531901,GB
tt1531901,US
tt1587310,US
tt2077833,IN
tt1872181,US
tt1723642,FR
tt2321517,RU
tt1566637,US
tt1951264,US
tt2215719,US
tt1372686,IT
tt1372686,CS
tt1372686,US
tt2288121,RU
tt1843866,US
tt1418377,US
tt1418377,AU
tt2096672,US
tt2395427,US
tt1291150,US
tt1716777,US
tt0119746,US
tt1235522,US
tt1867093,CA
tt1699745,PH
tt1790885,US
tt1667310,FR
tt1667310,US
tt1258972,HK
tt1258972,US
tt1441395,GB
tt1441395,CH
tt1441395,US
tt1817273,US
tt2053425,FR
tt2053425,BE
tt1234721,CA
tt1234721,US
tt2132285,US
tt1979320,DE
tt1979320,GB
tt1566501,MX
tt1473832,FR
tt1473832,IE
tt1473832,GB
tt1473832,US
tt1945062,US
tt1712170,US
tt1899353,ID
tt1899353,US
tt1899353,FR
tt1684233,GB
tt1684233,US
tt0399854,TR
tt1704573,US
tt1767382,FR
tt1767382,US
tt1510907,US
tt2109248,US
tt1542482,CN
tt1542482,US
tt1542482,KR
tt1542482,HK
tt1726589,CA
tt1726589,US
tt2035599,US
tt2035599,CA
tt1603257,CA
tt1603257,US
tt1758830,US
tt1616195,US
tt0373051,US
tt0108320,US
tt1651118,RU
tt1276419,CZ
tt1276419,DK
tt1276419,DE
tt1276419,SE
tt0116985,US
tt1047540,US
tt1876451,US
tt1307068,US
tt0454876,US
tt0454876,TW
tt0454876,GB
tt1333125,US
tt0113463,US
tt1931435,US
tt0094813,US
tt1321511,US
tt1907668,US
tt1869716,GB
tt1869716,US
tt1100089,US
tt1232200,US
tt1411250,US
tt1860152,FR
tt1340138,US
tt1126590,CA
tt1126590,US
tt1794850,FR
tt1931533,GB
tt1602620,FR
tt1602620,AT
tt1602620,DE
tt1959490,US
tt2042568,US
tt2042568,FR
tt2042568,GB
tt1682180,US
tt1725795,IN
tt1440732,IT
tt1440732,GB
tt1450321,GB
tt1450321,US
tt1450321,DE
tt1450321,SE
tt1450321,BE
tt2076176,FR
tt1549589,FR
tt1549589,DE
tt1549589,PL
tt1800741,US
tt1640711,AU
tt1640711,GB
tt0800164,NL
tt1756415,IT
tt1659337,US
tt1849718,IN
tt2063781,US
tt1770734,IE
tt1770734,GB
tt1862079,US
tt1990314,US
tt1132449,GB
tt1132449,US
tt1996264,US
tt1920849,US
tt1602472,FR
tt1602472,DE
tt1602472,BE
tt0037465,US
tt0337692,BR
tt0337692,FR
tt0337692,GB
tt0337692,US
tt1840417,US
tt1748122,US
tt1371111,DE
tt1371111,HK
tt1371111,SG
tt1371111,US
tt1905041,US
tt0864835,US
tt1646971,US
tt1815862,US
tt1535438,US
tt1707386,GB
tt1707386,US
tt1045658,US
tt1772341,US
tt1694020,US
tt1321870,US
tt1663143,US
tt1397280,FR
tt1588173,CA
tt2023453,US
tt1212450,US
tt1588334,US
tt1615065,US
tt1582507,US
tt1496422,US
tt0244504,BR
tt0025617,US
tt1859650,IT
tt1859650,ES
tt1859650,US
tt1592525,FR
tt1422136,GB
tt1446192,US
tt0120042,US
tt1441952,GB
tt1351685,US
tt2012665,US
tt1536048,GB
tt1336608,US
tt2112999,US
tt1277953,US
tt1649419,US
tt1649419,ES
tt1731141,US
tt1298649,US
tt1714209,US
tt1433822,US
tt0114666,US
tt2752758,US
tt2025526,KR
tt1683921,FR
tt1430615,GB
tt1430615,US
tt0114536,US
tt1663321,BE
tt1663321,FR
tt1663321,DE
tt0118577,US
tt0094169,US
tt0107130,US
tt1602613,FR
tt1602613,DK
tt1602613,SE
tt1602613,TH
tt1602613,US
tt1762399,AU
tt1762399,IN
tt1762399,GB
tt1762399,US
tt1860353,US
tt1687901,GB
tt1366365,US
tt2076251,IT
tt2017020,US
tt0217107,US
tt0431021,US
tt0431021,CA
tt1327194,US
tt1524137,US
tt1524137,GB
tt1524137,FR
tt1426329,US
tt0119517,US
tt1701210,FR
tt1701210,IT
tt1701210,QA
tt1701210,TN
tt1623288,US
tt1855199,US
tt1705772,IN
tt1410063,CN
tt1410063,HK
tt1617661,US
tt1706593,US
tt1921064,CA
tt1921064,DE
tt1921064,US
tt1572315,US
tt2016940,CN
tt2016940,HK
tt2016940,US
tt1586265,US
tt1645170,US
tt0837562,US
tt0383010,US
tt1772230,CN
tt1772230,HK
tt1392190,AU
tt1392190,US
tt1981115,US
tt1854564,US
tt0106464,US
tt2024544,US
tt2024544,GB
tt1430132,GB
tt1430132,US
tt1764651,US
tt1723811,GB
tt1655420,GB
tt0790724,US
tt1591479,US
tt1670345,US
tt1670345,FR
tt1748179,ES
tt1748179,US
tt1640548,US
tt1483013,US
tt0141399,US
tt1820462,RU
tt1601913,CA
tt1601913,US
tt1214962,US
tt1788391,GB
tt1655442,BE
tt1655442,FR
tt1656192,FR
tt1389137,US
tt1740710,IN
tt0221809,IN
tt0221809,CH
tt0221809,DE
tt0018183,US
tt1053810,US
tt1602098,GB
tt1602098,IE
tt1482459,US
tt0017423,US
tt1726669,US
tt1646980,US
tt0082507,US
tt0107719,US
tt0443272,IN
tt0443272,US
tt1850397,US
tt1517260,US
tt1227165,RU
tt1606389,US
tt1583421,US
tt1397514,US
tt0485985,US
tt1656190,US
tt0763831,US
tt1611224,US
tt0076299,AU
tt1195478,US
tt1430626,GB
tt0816711,US
tt0816711,MT
tt1692486,ES
tt1692486,FR
tt1692486,DE
tt1692486,PL
tt0415003,IN
tt0810913,US
tt1242460,GB
tt1242460,US
tt1007029,FR
tt1007029,GB
tt1855325,CA
tt1855325,FR
tt1855325,DE
tt1855325,US
tt1071875,AE
tt1071875,US
tt1714203,US
tt1605630,US
tt1093357,US
tt1093357,RU
tt1446714,GB
tt1446714,US
tt0026071,US
tt1742650,US
tt1107319,US
tt1948150,IN
tt1748197,US
tt1674784,US
tt0331282,RS
tt1486192,HU
tt1486192,RS
tt1486192,ES
tt1486192,US
tt1506999,IE
tt1506999,US
tt0005078,US
tt1392170,US
tt1308729,CH
tt1308729,US
tt1620464,RU
tt0085891,US
tt1462041,CA
tt1462041,US
tt0368400,IN
tt0984177,IN
tt0242572,IN
tt0984202,IN
tt0377321,IN
tt0417241,IN
tt0442781,IN
tt1388441,IN
tt0807944,IN
tt1039952,IN
tt0119349,FR
tt0119349,US
tt1068242,US
tt1491044,US
tt1121096,CN
tt1121096,CA
tt1121096,US
tt1121096,GB
tt0803096,CA
tt0803096,CN
tt0803096,JP
tt0803096,US
tt1024648,US
tt0490215,MX
tt0490215,TW
tt0490215,US
tt1623205,US
tt1924429,GB
tt1924429,FR
tt1663662,US
tt1663662,CA
tt1535108,US
tt1560747,US
tt1300854,CN
tt1300854,US
tt1853728,US
tt0102631,US
tt0108041,BF
tt0108041,DE
tt0108041,GH
tt0108041,GB
tt0108041,US
tt0765446,CA
tt0765446,US
tt1821317,IN
tt1540133,IE
tt0083745,US
tt1922612,US
tt1621045,US
tt1934231,IN
tt0104109,AU
tt0104109,FR
tt0220656,IN
tt1687247,GB
tt1687247,US
tt1605769,FR
tt1605769,ES
tt1402488,AU
tt1568346,NO
tt1568346,SE
tt1568346,US
tt1582271,US
tt0464665,RU
tt0047494,US
tt1596365,CA
tt1596365,SE
tt1596365,GB
tt1033575,US
tt1633356,US
tt1661382,US
tt0119578,US
tt1675192,US
tt0780504,US
tt1764234,US
tt1232829,US
tt1335975,US
tt0477302,US
tt1343092,US
tt1343092,AU
tt0999913,US
tt1386703,CA
tt1386703,US
tt0416292,RU
tt0416292,UA
tt1204342,US
tt0907119,RU
tt1700423,NL
tt1700423,FR
tt1441956,GB
tt1110037,RU
tt0477337,RU
tt1535970,US
tt1535970,DE
tt0770703,US
tt1189073,ES
tt1718881,RU
tt0114113,US
tt1598822,US
tt1564349,US
tt1657507,FR
tt1667353,US
tt1655607,IN
tt0814666,ML
tt0814666,FR
tt1270262,NL
tt1270262,BE
tt0381936,RU
tt1527186,DK
tt1527186,FR
tt1527186,DE
tt1527186,SE
tt1142977,US
tt1077368,AU
tt1077368,US
tt1453405,US
tt1622547,US
tt1622547,DE
tt1622547,CA
tt0082484,CA
tt0082484,FR
tt0082484,US
tt1217209,US
tt1541160,DE
tt1541160,US
tt1477109,JP
tt1521197,GB
tt1521197,DE
tt1318514,US
tt0116414,US
tt1720254,IN
tt0093596,US
tt0938330,FR
tt0938330,CA
tt0160338,US
tt0905372,US
tt0905372,CA
tt1234719,US
tt1764183,US
tt0222012,IN
tt1719071,US
tt0968264,US
tt1210166,US
tt1650043,US
tt1428538,US
tt1428538,DE
tt0035884,US
tt1547230,US
tt0884726,IN
tt0884726,US
tt1637706,US
tt1276104,CN
tt1276104,US
tt1600195,US
tt0035703,US
tt1507563,ZA
tt1507563,US
tt1596350,US
tt1599348,US
tt1583420,US
tt1067774,HU
tt1067774,US
tt1650554,US
tt1650554,GB
tt0094701,US
tt0097008,GB
tt0097008,US
tt1478964,GB
tt1291584,US
tt1605783,ES
tt1605783,US
tt0289408,US
tt0471042,US
tt1541995,CN
tt1436045,JP
tt1436045,GB
tt1242599,US
tt0120531,US
tt0101597,US
tt1735898,US
tt1515091,US
tt1680058,IT
tt1374989,US
tt1594562,US
tt1694542,IN
tt1374992,CA
tt1374992,FR
tt1634122,GB
tt1634122,HK
tt1634122,CN
tt1487118,AT
tt1487118,DE
tt1487118,GB
tt1396218,US
tt1438176,GB
tt1438176,US
tt1796603,RU
tt1782568,RU
tt1667889,US
tt1820555,RU
tt1599975,FR
tt1599975,DE
tt1454523,ES
tt1366344,US
tt1440266,FR
tt1440266,DE
tt1440266,GB
tt1636826,US
tt1568911,US
tt1210819,US
tt1646987,ES
tt1646987,US
tt1170358,NZ
tt1170358,US
tt1625346,US
tt1640484,US
tt0844993,US
tt1291549,US
tt1572491,FR
tt1572491,ES
tt0480239,US
tt0248012,IN
tt0473102,US
tt0459759,RU
tt1613062,US
tt0415678,RU
tt1229238,CZ
tt1229238,US
tt1229238,AE
tt1517489,US
tt0023876,US
tt1297919,GB
tt1297919,US
tt1297919,FR
tt1067583,US
tt1622979,US
tt1606392,US
tt1478338,US
tt1554091,US
tt0032273,US
tt1268799,US
tt0107594,US
tt1532503,US
tt1615918,US
tt1533749,CN
tt1533749,HK
tt0161023,US
tt0277895,US
tt0319769,ES
tt0319769,FR
tt0319769,IT
tt1339161,AT
tt1339161,DE
tt1702443,US
tt0326450,RU
tt0088821,AU
tt0760329,US
tt0760329,GB
tt0760329,AU
tt1408101,US
tt1598828,US
tt0114371,US
tt1440345,IT
tt1440345,FR
tt1440345,IE
tt1440345,AT
tt1668200,FR
tt0103007,JP
tt0103007,US
tt1253863,US
tt1700258,DE
tt1220888,US
tt0103977,US
tt0063642,US
tt1796657,RU
tt1124396,UA
tt1124396,RU
tt1496025,US
tt1032825,US
tt1509767,US
tt1509767,DE
tt1509767,FR
tt1509767,GB
tt1464580,US
tt1075114,IT
tt1219289,US
tt1563738,GB
tt1563738,US
tt1568921,JP
tt1604171,US
tt1499658,US
tt0101373,BR
tt0101373,US
tt1596343,US
tt1437366,FI
tt1437366,SE
tt0182295,FR
tt0182295,GB
tt0182295,US
tt1186366,RU
tt1587729,KR
tt1449283,US
tt1787759,US
tt1615147,US
tt0111579,FR
tt0111579,RU
tt1321860,AE
tt1321860,US
tt0810922,US
tt0810922,DE
tt0093974,US
tt1655460,US
tt1570728,US
tt1673434,US
tt1324999,US
tt1486193,US
tt1564367,US
tt1632708,US
tt1373243,RU
tt0118623,US
tt0993842,DE
tt0993842,GB
tt0993842,US
tt1411704,GB
tt1772240,CA
tt1772240,US
tt1189340,US
tt1305591,US
tt0393329,IT
tt0393329,US
tt1320239,GB
tt0174204,FR
tt0174204,GB
tt0174204,US
tt1454029,IN
tt1454029,AE
tt1454029,US
tt1265990,US
tt0120910,US
tt1041804,GB
tt1041804,HU
tt0409847,US
tt0115610,US
tt1486185,CA
tt1486185,US
tt1270798,US
tt1637688,US
tt0401729,US
tt1568338,US
tt1547234,US
tt0790736,US
tt0770828,GB
tt0770828,US
tt1488555,US
tt0481499,US
tt1034389,US
tt0116404,US
tt1302011,US
tt0081439,US
tt0089798,US
tt0076809,IT
tt0076809,US
tt0460505,CA
tt0903624,NZ
tt0903624,US
tt1343727,ZA
tt1343727,GB
tt1343727,US
tt1343727,IN
tt1454468,GB
tt1454468,US
tt1194173,US
tt0242256,IN
tt1345836,US
tt0491152,US
tt1448755,AU
tt1448755,US
tt0829150,US
tt1480656,CA
tt1480656,FR
tt1480656,IT
tt1480656,PT
tt1216475,US
tt1334512,US
tt1640459,US
tt1640459,CA
tt1023114,PL
tt1023114,AE
tt1023114,US
tt0480687,US
tt1213648,GB
tt1213648,US
tt0107277,US
tt0873886,US
tt1123373,HK
tt1123373,CN
tt0088256,US
tt0881320,US
tt0881320,AU
tt0084472,US
tt0095904,US
tt1226753,US
tt1571222,CH
tt1571222,GB
tt1571222,DE
tt1571222,CA
tt1161864,US
tt1161864,HU
tt1161864,IT
tt1401152,FR
tt1401152,DE
tt1401152,GB
tt0102818,US
tt1440232,FR
tt1293847,US
tt1606378,US
tt0081747,US
tt0083254,US
tt1628841,US
tt0117718,US
tt0104376,US
tt0083113,NL
tt0083113,US
tt0108000,US
tt0421229,GB
tt0084268,US
tt0082525,US
tt0103976,FR
tt0103976,GB
tt0199290,US
tt0102849,US
tt1498569,US
tt0106447,US
tt0102687,US
tt1570989,US
tt0116269,US
tt0087968,US
tt1502404,US
tt0160429,US
tt1361313,FR
tt1361313,US
tt0120722,US
tt0465407,US
tt1465522,CA
tt1465522,US
tt1423894,CA
tt1423894,IT
tt0108187,US
tt0108187,IT
tt1255953,CA
tt1255953,FR
tt0110146,US
tt1120985,US
tt1268204,BR
tt1268204,GB
tt1464540,US
tt1032751,NZ
tt1032751,KR
tt1648112,NL
tt0439182,US
tt1270761,US
tt1270761,AU
tt1270761,MX
tt1436562,US
tt1740707,NO
tt0109067,US
tt0303243,CN
tt0377981,US
tt0377981,GB
tt1531663,US
tt1369706,US
tt1612774,FR
tt1612774,AO
tt0945513,CA
tt0945513,US
tt1586752,US
tt1194417,CA
tt0964517,US
tt1555064,US
tt1411697,US
tt0096926,US
tt1512235,US
tt1244754,US
tt1833673,IN
tt1529572,US
tt1217613,US
tt1133985,US
tt1037163,FR
tt1037163,BE
tt1037163,IT
tt1037163,GB
tt1192628,US
tt0204350,US
tt1514041,GB
tt1403177,US
tt1440129,US
tt0970179,FR
tt0970179,US
tt0970179,GB
tt0155713,SG
tt0466893,US
tt1645089,US
tt0399901,US
tt1313092,AU
tt1212419,US
tt1499201,IN
tt1455811,IN
tt1578275,US
tt1447508,IN
tt1403865,US
tt0419663,US
tt1235189,FR
tt1235189,GB
tt1172991,US
tt1542344,GB
tt1542344,US
tt1423995,US
tt0477080,US
tt1314655,US
tt1483010,US
tt1431181,GB
tt1596346,US
tt0817177,US
tt1242432,US
tt1152822,US
tt0981042,US
tt1013860,US
tt1470827,GB
tt0872230,US
tt1456941,AU
tt0804497,US
tt1270835,US
tt0026529,US
tt0027438,US
tt0028216,US
tt0027948,US
tt0029852,US
tt0339727,DE
tt0339727,US
tt0281680,US
tt0038213,US
tt0464154,US
tt1452628,US
tt0036628,US
tt1458175,US
tt1458175,FR
tt1321865,FR
tt1321865,DE
tt0758752,US
tt0035959,US
tt0033729,US
tt1672091,KR
tt0083000,AU
tt1675197,IL
tt1675197,BG
tt1289401,US
tt1695994,US
tt1341188,US
tt0120769,US
tt1504319,US
tt1564585,US
tt0065054,US
tt1379222,IT
tt0066090,US
tt1126591,US
tt0411951,US
tt0411951,JP
tt0411951,CN
tt1334260,GB
tt1334260,US
tt1489167,GB
tt0082497,US
tt1438463,RU
tt0325005,RU
tt0117791,US
tt0100168,US
tt0102749,GB
tt0102749,US
tt0107504,US
tt1231583,US
tt0103962,ES
tt0103962,GB
tt0103962,US
tt1411238,US
tt1447972,GB
tt1403988,US
tt1302067,US
tt1302067,NZ
tt0472181,US
tt1179069,US
tt1285309,US
tt1262416,US
tt1477076,CA
tt1477076,US
tt1228987,GB
tt1228987,US
tt0099578,US
tt1433108,US
tt0082948,US
tt1193631,US
tt1219342,AU
tt1219342,US
tt1465487,FR
tt1465487,MC
tt0889573,US
tt0775489,FR
tt0775489,GB
tt1409024,US
tt0066115,US
tt0083542,US
tt0095927,US
tt1306980,US
tt0990407,US
tt1405810,IT
tt0117260,US
tt0049875,US
tt1666186,US
tt0095756,US
tt0117104,US
tt0247745,US
tt0091671,US
tt0049452,US
tt1185344,US
tt0808526,US
tt0842926,US
tt1287468,US
tt1287468,AU
tt1598778,US
tt1598778,AE
tt1245526,US
tt1092026,US
tt1092026,GB
tt1028576,US
tt0111187,US
tt0970866,US
tt0120471,FR
tt0106521,US
tt0087344,US
tt0087344,JP
tt0433035,IN
tt0433035,US
tt0063592,US
tt0063592,DE
tt1399683,US
tt0097987,US
tt0076740,US
tt1139282,US
tt0165643,US
tt0427152,US
tt0398286,US
tt1320261,US
tt0078444,US
tt0016884,US
tt0082648,US
tt1180583,IN
tt0095774,US
tt1392197,US
tt1155076,CN
tt1155076,US
tt0096193,IT
tt0096193,US
tt0088007,US
tt1379177,GB
tt1535616,CA
tt1535616,DE
tt1535616,US
tt1235796,IE
tt1235796,US
tt1055292,US
tt1375670,US
tt0977855,US
tt0977855,AE
tt1126618,US
tt1399103,US
tt1239426,RU
tt1464174,US
tt0822847,US
tt1240982,US
tt1222817,US
tt1414382,US
tt0879870,US
tt0120107,US
tt1152398,US
tt1322312,US
tt1001526,US
tt1385826,US
tt1253864,US
tt1438254,US
tt1609168,IN
tt1609168,GB
tt0495596,JP
tt1470023,US
tt0862467,DK
tt0862467,GB
tt1620549,RU
tt1013743,US
tt1602476,IN
tt1103153,US
tt1285016,US
tt1261945,US
tt0104006,US
tt1282140,US
tt0482527,CA
tt0482527,US
tt0482527,GB
tt1074638,GB
tt1074638,US
tt0127349,CA
tt0127349,US
tt1243957,GB
tt1243957,US
tt1243957,FR
tt1243957,IT
tt1650062,US
tt1532382,RU
tt0098575,FR
tt0098575,US
tt0165494,US
tt1341167,GB
tt1386932,HK
tt1386932,CN
tt1334470,IN
tt0816462,US
tt0040369,US
tt0051201,US
tt0106918,US
tt0120382,US
tt0102510,US
tt0095705,US
tt0120855,US
tt0106856,US
tt0892375,US
tt0111503,US
tt0115676,US
tt0081633,GB
tt1245736,RU
tt1272051,US
tt1272051,RU
tt1294213,US
tt1155705,JP
tt1155705,TH
tt0091981,US
tt0086006,DE
tt0086006,GB
tt0086006,US
tt0246460,GB
tt0246460,US
tt0376994,CA
tt0376994,GB
tt0376994,US
tt0290334,US
tt0120903,US
tt0359013,US
tt0120611,US
tt0143145,GB
tt0143145,US
tt0110622,US
tt0187738,DE
tt0187738,US
tt0085384,GB
tt0085384,US
tt0381061,IT
tt0381061,GB
tt0381061,US
tt0381061,CZ
tt0381061,DE
tt0259308,DE
tt0259308,HU
tt0259308,US
tt0838247,US
tt0055047,US
tt0116322,US
tt0114697,US
tt0114095,US
tt0123948,JP
tt0100680,US
tt0163676,US
tt1220634,DE
tt1220634,US
tt1220634,FR
tt1220634,CA
tt1391137,US
tt0108395,US
tt0107819,US
tt0107004,US
tt1179025,FR
tt0023196,US
tt1595366,RU
tt1595366,UA
tt0013140,US
tt0492389,AE
tt0492389,US
tt0094924,AU
tt0094924,US
tt0266391,DE
tt0266391,GB
tt0266391,US
tt1279935,US
tt0040694,US
tt1415283,US
tt1415283,GB
tt1415283,FR
tt1424381,US
tt0480255,US
tt1212436,US
tt1321509,US
tt1303828,CA
tt1303828,GB
tt1303828,US
tt0109578,CA
tt0109578,US
tt1191111,CA
tt1191111,FR
tt1191111,DE
tt1191111,IT
tt0100240,DE
tt0100240,US
tt1272018,RU
tt0088323,DE
tt0088323,US
tt1305583,US
tt0273799,US
tt0429493,US
tt0102655,US
tt0102395,US
tt0263734,CA
tt0089643,US
tt0120390,US
tt0119709,US
tt0092147,US
tt1578116,IN
tt0030993,US
tt0100666,US
tt0815236,US
tt1027718,US
tt1071812,AU
tt0093771,GB
tt0090693,US
tt1046198,RU
tt0022958,US
tt0085868,CA
tt0085868,US
tt0039416,US
tt0120703,US
tt0113326,HK
tt0107745,GB
tt0107745,US
tt0465967,RU
tt0045125,US
tt0106627,US
tt0059573,US
tt1242422,FR
tt1242422,ES
tt0079576,US
tt1196141,GB
tt1196141,US
tt1153040,KR
tt0066549,IT
tt0066549,RU
tt0080771,US
tt0415481,RU
tt0092115,IT
tt0092115,US
tt0970452,FR
tt0970452,CZ
tt0970452,GB
tt1308138,CN
tt0817230,US
tt1226229,US
tt0100828,US
tt0814255,CA
tt0814255,US
tt0460611,US
tt1337051,RO
tt0124179,US
tt0266747,US
tt0038499,US
tt0102753,US
tt0090065,KR
tt0090065,US
tt0091344,US
tt0079758,US
tt0091276,US
tt1053424,CA
tt1053424,US
tt1247704,US
tt0097116,US
tt0252223,AT
tt0252223,HU
tt0118564,US
tt0092226,US
tt0094008,US
tt0102411,US
tt1361809,IN
tt0843326,IN
tt0098471,US
tt0024481,US
tt0319736,IN
tt0055572,FR
tt0055572,IT
tt0016641,US
tt0109376,US
tt0214289,FR
tt0114885,US
tt0055946,US
tt1480660,JP
tt1480660,US
tt0339034,US
tt0100332,US
tt0080024,AU
tt1244668,DE
tt1569364,RU
tt0188030,ES
tt0239986,US
tt0485947,BE
tt0485947,CA
tt0485947,FR
tt0485947,DE
tt0179098,US
tt0377992,CA
tt0377992,GB
tt0120646,US
tt0095326,US
tt1403130,CN
tt0070165,US
tt0119079,GB
tt0119079,RU
tt0119079,US
tt0091472,US
tt0084156,US
tt0256276,GB
tt0256276,US
tt1216496,KR
tt0053290,US
tt0041838,US
tt0810784,GB
tt0810784,FR
tt0810784,AU
tt0046247,US
tt0095652,US
tt0078740,US
tt0059418,US
tt0455407,US
tt1532261,RU
tt0040064,US
tt0120176,US
tt1228953,US
tt0062794,US
tt0077530,US
tt0171356,US
tt0057449,US
tt0015400,US
tt0105824,US
tt0887745,IE
tt0037884,US
tt1288403,US
tt0055304,US
tt0096409,ES
tt0096409,MX
tt0096409,US
tt0034902,US
tt0795351,CA
tt0795351,US
tt0113691,US
tt0055279,US
tt0107953,US
tt1352824,FR
tt1352824,US
tt1352824,CA
tt0325055,GB
tt1028532,GB
tt1028532,US
tt0101701,US
tt0069976,US
tt0790712,US
tt1174730,US
tt0111419,IE
tt0111419,US
tt0116743,GB
tt0116743,IN
tt0116743,US
tt0116743,JP
tt0116743,DE
tt0049778,US
tt1171701,TR
tt0061770,US
tt1149361,FR
tt0084887,NZ
tt0124102,US
tt0056800,US
tt1017451,US
tt0935075,US
tt0472399,US
tt1386588,US
tt1440728,GB
tt1440728,US
tt1320253,US
tt0944835,US
tt1038919,US
tt1244659,US
tt0101412,US
tt0019563,US
tt0016473,US
tt0076263,US
tt0097967,US
tt0113303,US
tt0099611,US
tt1375666,GB
tt1375666,US
tt0044672,US
tt0084684,US
tt0089603,JP
tt0089603,US
tt0053131,US
tt1276105,US
tt0963966,US
tt0034746,US
tt1106860,US
tt0086346,US
tt0339419,US
tt0268200,US
tt0116905,US
tt1232783,US
tt0105017,US
tt0234829,US
tt0368774,US
tt0368774,GB
tt0368774,FR
tt0368774,JP
tt0090856,US
tt0088146,US
tt0095925,US
tt1186830,ES
tt1210042,US
tt1179034,GB
tt1179034,FR
tt1462758,ES
tt1462758,US
tt1462758,FR
tt0095107,US
tt0110399,US
tt0119937,US
tt0060490,US
tt0085780,GB
tt0087981,AU
tt0166943,US
tt0453365,FI
tt0101746,US
tt0062138,US
tt1188996,IN
tt1188996,US
tt1289406,GB
tt0285728,US
tt0050629,IT
tt0050629,US
tt0929632,US
tt0075909,US
tt0106557,US
tt0120122,GB
tt1142433,US
tt0899106,CA
tt0899106,GB
tt0899106,US
tt0120036,US
tt0102116,JP
tt0102116,US
tt0200720,GB
tt0200720,FR
tt0200720,DE
tt0200720,US
tt0316188,US
tt0043338,US
tt0101786,US
tt0105652,TW
tt0101371,US
tt0101902,US
tt0042200,US
tt1263670,US
tt1216492,IE
tt1216492,US
tt1210071,US
tt1331064,US
tt0186045,US
tt0116722,GB
tt1183251,US
tt1100119,AE
tt1100119,US
tt0114609,US
tt0297144,MX
tt0297144,US
tt0046949,US
tt0078504,US
tt0192111,US
tt0095990,US
tt0489244,US
tt0093624,US
tt0089003,US
tt0086336,US
tt1190536,US
tt1135503,US
tt0057163,US
tt0118736,US
tt0097889,US
tt1366687,RU
tt1366687,UA
tt1366687,US
tt1174732,GB
tt1174732,US
tt0118829,US
tt0387059,US
tt0100053,US
tt1232776,GB
tt1232776,NL
tt1314228,US
tt0848228,US
tt0452694,US
tt0450405,US
tt0095895,US
tt1054122,JP
tt0093509,US
tt0082242,US
tt0084296,AU
tt0978762,AU
tt0084855,US
tt0117653,CA
tt0117653,GB
tt1311067,US
tt0122541,GB
tt0122541,US
tt0088178,US
tt0192255,DE
tt0192255,NL
tt0192255,US
tt0162360,US
tt0479751,IN
tt0100594,IT
tt0100594,GB
tt1226681,CA
tt0080388,CA
tt0080388,FR
tt0275719,US
tt1527679,SE
tt0105466,US
tt0089826,CA
tt0089826,US
tt1294688,FR
tt1294688,US
tt1020558,FR
tt1020558,GB
tt1385867,US
tt0087015,US
tt0881891,US
tt0166276,US
tt0985694,US
tt0978764,US
tt0361309,US
tt0361309,CA
tt0099277,US
tt0376136,US
tt1250777,GB
tt1250777,US
tt0074174,US
tt0392465,US
tt1500516,DK
tt1500516,FI
tt1500516,GB
tt1500516,SE
tt0053925,US
tt1179056,US
tt1231580,US
tt0976222,US
tt0065446,US
tt1172060,US
tt1273678,US
tt1403981,US
tt0840361,US
tt1058017,US
tt0865559,GR
tt0865559,US
tt1231587,US
tt0479997,US
tt0808510,CA
tt0808510,US
tt0947810,ES
tt0947810,GB
tt0947810,US
tt0947810,FR
tt0989757,US
tt1259521,US
tt1057500,US
tt0976238,US
tt1193138,US
tt1135084,US
tt1230414,US
tt1038686,US
tt1186367,DE
tt1186367,US
tt0362478,US
tt1220198,US
tt1300851,US
tt1233227,AU
tt1233227,CA
tt1233227,GB
tt1233227,US
tt1197624,US
tt1172233,US
tt0124879,US
tt0844471,US
tt0365929,CA
tt0365929,FR
tt0365929,US
tt0222850,US
tt0111333,US
tt0954990,US
tt0446029,US
tt0446029,CA
tt0051207,US
tt0032143,US
tt0100395,US
tt0063035,US
tt0118665,US
tt0418460,IN
tt0160401,US
tt0191133,US
tt0020960,US
tt0112427,GB
tt0134154,US
tt0119934,US
tt1179258,DE
tt1179258,GB
tt1179258,FR
tt0099747,US
tt0073092,US
tt1232207,US
tt0110186,US
tt0053793,US
tt0074706,US
tt0145937,US
tt0409527,IN
tt0080881,US
tt0357111,FR
tt0844286,US
tt0116378,US
tt0082817,US
tt0114234,IN
tt0117372,US
tt0149691,US
tt1124052,CN
tt1124052,HK
tt0118849,IR
tt0337579,US
tt1324059,IN
tt0082005,CA
tt0097142,US
tt0086429,US
tt0074279,US
tt0074279,HK
tt0102460,US
tt0164538,IN
tt1148204,CA
tt1148204,FR
tt1148204,DE
tt1148204,US
tt0096378,EC
tt0096378,US
tt0304328,FR
tt0304328,US
tt1170391,AU
tt0432047,IN
tt1142988,US
tt0384533,US
tt0180734,DE
tt0180734,US
tt0775552,CA
tt0775552,US
tt1201167,US
tt0234354,US
tt0179116,US
tt0898367,US
tt0804529,MX
tt0804529,US
tt0105211,US
tt0196857,US
tt0811066,IN
tt0118570,CA
tt0118570,US
tt0488478,RU
tt0097334,US
tt0100740,US
tt0217756,US
tt1274295,IN
tt0955308,GB
tt0955308,US
tt0112688,US
tt0194218,US
tt0283026,US
tt1075747,US
tt1104001,US
tt1037705,US
tt0490170,IN
tt0337917,US
tt0100260,US
tt1187043,IN
tt0102802,IE
tt0102802,GB
tt0102802,US
tt0064782,US
tt1323594,US
tt0327036,US
tt0028333,US
tt0354766,US
tt0078902,US
tt0381442,FR
tt1262981,US
tt0046969,US
tt0377701,IE
tt1355546,IN
tt1093908,US
tt0172396,US
tt0172396,GB
tt0240900,CA
tt0240900,US
tt1091229,IN
tt0046126,US
tt1131734,US
tt1370429,IN
tt0986263,US
tt0107282,US
tt0107282,CN
tt1022603,US
tt1144884,US
tt1156398,US
tt0433362,US
tt0433362,AU
tt1078940,US
tt1188729,DE
tt1188729,GB
tt1032815,CA
tt1032815,US
tt0079336,US
tt1280558,IN
tt0086129,CA
tt0086129,US
tt0169102,IN
tt1060249,IN
tt0476527,IN
tt0436339,US
tt0082801,US
tt0081974,US
tt0265632,US
tt0112870,IN
tt0099817,US
tt0094746,US
tt1178663,FR
tt1178663,US
tt1176740,US
tt0105378,US
tt0100258,US
tt0451038,US
tt0099697,JP
tt0099697,US
tt0104107,US
tt0120467,US
tt0359517,US
tt0102729,US
tt0089730,US
tt0247303,NL
tt0247303,US
tt0093744,SE
tt0093744,US
tt0053716,US
tt1131729,DE
tt1131729,GB
tt1131729,FR
tt0120800,US
tt0092974,US
tt0359423,US
tt0061809,US
tt0155776,US
tt0290747,AU
tt0290747,US
tt0800320,US
tt0376196,US
tt0105399,HK
tt0306841,US
tt0242587,US
tt0051380,US
tt0041841,US
tt0072761,US
tt0055257,US
tt0422295,US
tt0085121,US
tt0116320,US
tt1172570,GB
tt1034032,US
tt1111422,US
tt0892767,CA
tt0892767,US
tt0087799,US
tt0093793,US
tt0844708,US
tt1078912,US
tt1078912,CA
tt0962736,GB
tt0962736,US
tt0082979,US
tt1041829,US
tt0472259,US
tt1018818,US
tt0417385,US
tt0457400,US
tt1114677,US
tt0176783,US
tt0396707,FR
tt0396707,GB
tt0396707,HU
tt0396707,AU
tt0396707,US
tt0396707,NZ
tt0110329,US
tt1067106,US
tt1242457,RU
tt1083456,US
tt0434424,US
tt0063385,GB
tt0317132,US
tt0120133,US
tt0044030,US
tt0318283,US
tt0131704,DE
tt0131704,US
tt0250310,US
tt0120620,US
tt0085750,US
tt0076070,US
tt1103982,US
tt1136608,US
tt1136608,NZ
tt1136608,CA
tt1136608,ZA
tt1045778,US
tt0870984,DK
tt0870984,FR
tt0870984,DE
tt0870984,IT
tt0870984,PL
tt0870984,SE
tt0974613,GB
tt0974613,IT
tt0111323,US
tt0983193,NZ
tt0983193,US
tt1231277,US
tt0105699,JP
tt0105699,US
tt0422091,IN
tt0099385,CA
tt0099385,US
tt0082894,US
tt0865554,DE
tt0865554,US
tt1182345,GB
tt0408985,US
tt0083284,US
tt0052225,US
tt1094241,NL
tt1094241,LU
tt0077572,GB
tt1198138,US
tt0821642,US
tt0473709,US
tt0058946,IT
tt0058946,DZ
tt0058085,US
tt0093737,US
tt0387055,MX
tt0387055,BE
tt0387055,NL
tt0387055,DE
tt0387055,FR
tt0906108,US
tt1160368,US
tt0275022,US
tt0120772,US
tt0357110,US
tt0848538,HK
tt0059127,GB
tt0038057,US
tt0358349,US
tt0974661,US
tt0473705,FR
tt0473705,GB
tt0473705,US
tt0079180,US
tt0087062,US
tt0332658,IE
tt0332658,GB
tt0972558,RU
tt0213790,US
tt0858486,US
tt1127180,US
tt0361748,DE
tt0361748,US
tt0762125,ES
tt0762125,GB
tt0762125,US
tt0097814,JP
tt0361925,DE
tt0361925,US
tt0455612,US
tt0110978,US
tt0080549,US
tt0433416,IN
tt0433416,US
tt0801526,CA
tt0186589,US
tt0280030,AU
tt0280030,CA
tt0280030,US
tt0250371,US
tt0282687,CA
tt0282687,US
tt0349260,GB
tt0349260,IE
tt0349260,ZA
tt0093378,US
tt0297284,FI
tt0297284,NL
tt0297284,GB
tt0297284,US
tt1091722,US
tt0421238,AU
tt0421238,GB
tt0375568,HK
tt0375568,JP
tt0375568,US
tt0795441,NL
tt0795441,BE
tt1135487,DE
tt1135487,US
tt0778661,US
tt0088001,US
tt1155056,US
tt0046435,US
tt0386117,US
tt0049408,US
tt0439630,HK
tt0439630,CN
tt0144168,CA
tt0144168,FR
tt0144168,US
tt0120757,US
tt0083642,US
tt0785035,TH
tt1230448,IN
tt0092076,US
tt0079826,US
tt0379786,US
tt1116184,US
tt1116184,RO
tt0092796,US
tt0083767,US
tt0339412,US
tt0202402,US
tt0076929,US
tt0104418,US
tt0145893,US
tt0168501,US
tt0255819,US
tt0161100,US
tt0120906,US
tt0104573,US
tt0082464,NZ
tt0080437,US
tt0062994,US
tt0061584,US
tt0279111,US
tt0120094,US
tt0758742,JP
tt0267248,AU
tt0267248,US
tt1267500,IN
tt0087892,GB
tt0087892,US
tt0048356,US
tt0918628,GR
tt0918628,GB
tt0057007,US
tt1182972,AU
tt1182972,IN
tt1182972,IT
tt1182972,TH
tt0107750,US
tt0092746,US
tt0499375,IN
tt0084707,GB
tt0084707,US
tt0296574,IN
tt0887971,CA
tt0887971,DE
tt0887971,US
tt0227005,US
tt0083564,US
tt0433350,US
tt0189584,US
tt0345551,US
tt0116118,CA
tt0116118,GB
tt0116118,US
tt0483756,US
tt0345074,US
tt0081777,US
tt0220099,US
tt0338325,US
tt0435623,GB
tt0435623,US
tt0106912,US
tt0924129,US
tt0068421,US
tt0441007,US
tt0252028,US
tt0892782,US
tt0388980,US
tt0330691,IT
tt1132620,DK
tt1132620,DE
tt1132620,SE
tt1105733,IN
tt0475298,US
tt0101757,US
tt1326972,CN
tt0430922,US
tt1247640,FR
tt0086491,US
tt0891592,CA
tt0891592,IN
tt0891592,JP
tt0891592,US
tt0137338,US
tt0804507,IT
tt0804507,US
tt0134618,CA
tt0134618,US
tt0088930,US
tt0785006,US
tt0290212,US
tt0095863,US
tt0088128,US
tt0110763,US
tt0097758,US
tt1121931,US
tt0283160,US
tt0281322,US
tt0085271,US
tt0479647,CA
tt0127723,US
tt0085542,US
tt0157472,US
tt0466839,US
tt0430431,US
tt0263757,US
tt0091954,GB
tt0106364,US
tt0283426,AU
tt0283426,US
tt1046173,CZ
tt1046173,US
tt0085862,US
tt0361841,US
tt0327597,US
tt0085936,US
tt0067093,US
tt0470765,US
tt1220719,HK
tt0292490,IN
tt0088194,US
tt0199725,US
tt0081071,US
tt0058404,US
tt0060491,US
tt1073241,US
tt0265662,US
tt0457530,US
tt0097366,US
tt0167456,GB
tt0167456,FR
tt0125971,US
tt0914798,GB
tt0914798,US
tt0089243,US
tt0089243,JP
tt0498381,US
tt1114740,US
tt0047849,US
tt1095174,CA
tt1095174,US
tt0108002,US
tt0356614,CA
tt0366780,GB
tt0366780,US
tt0091083,US
tt0096764,IT
tt0096764,GB
tt0093543,SE
tt0093543,RU
tt0093543,NO
tt0081698,US
tt0473367,IN
tt0368008,US
tt0080421,US
tt1278340,NO
tt0134067,US
tt0327679,IE
tt0327679,GB
tt1179891,US
tt0770772,IN
tt0770772,US
tt0058777,GB
tt0164114,US
tt0110759,US
tt0165982,US
tt1014775,US
tt0435528,CA
tt0435528,US
tt0462229,US
tt0449999,IN
tt0418110,IT
tt0097737,IT
tt0097737,US
tt0253798,US
tt0102614,US
tt0103924,US
tt0918927,US
tt0473024,US
tt0469903,DE
tt0469903,US
tt0437954,LU
tt0437954,IT
tt0437954,FR
tt0437954,GB
tt0822832,US
tt0349825,US
tt0119123,US
tt0120802,CA
tt0120802,IT
tt0120802,GB
tt0436613,US
tt0218043,US
tt0380817,US
tt0465502,US
tt0465502,FR
tt0104009,US
tt0437447,CN
tt0437447,HK
tt0437447,JP
tt0424774,US
tt0441048,IN
tt0429591,AU
tt0429591,US
tt0181984,US
tt0388500,US
tt0361089,GB
tt0360016,US
tt1190080,CA
tt1190080,US
tt1049413,US
tt0462244,US
tt0480669,ES
tt0374563,RU
tt0374563,US
tt0383060,US
tt0298744,US
tt0417397,RU
tt0417397,UA
tt0417397,FI
tt0449994,IN
tt1185420,IN
tt1166100,IN
tt0466399,AU
tt0427309,US
tt0881200,CN
tt0881200,HK
tt0064418,US
tt0361696,US
tt0434215,GB
tt0434215,US
tt0902272,US
tt0455760,US
tt0914797,US
tt0844671,US
tt1082886,US
tt0118983,IN
tt1024715,US
tt0430770,US
tt1024255,FR
tt1024255,GB
tt1024255,US
tt0482546,GB
tt0482546,US
tt0466856,US
tt0278295,US
tt1190617,US
tt0084749,US
tt0449487,CA
tt0449487,US
tt0071402,US
tt0089461,US
tt0105217,US
tt0326905,US
tt0316465,US
tt0472071,GB
tt0041866,US
tt0115906,US
tt0102782,US
tt0408236,GB
tt0408236,US
tt0479162,US
tt0118826,AU
tt1075417,US
tt0976247,US
tt0464041,GB
tt0464041,US
tt0087995,US
tt1034303,US
tt1082868,US
tt0448011,GB
tt0448011,US
tt0448011,AU
tt1032755,GB
tt1213644,US
tt1013752,US
tt1139668,US
tt0283084,US
tt0452681,US
tt0091993,US
tt0089961,US
tt0087957,US
tt0437800,US
tt0090670,US
tt0095519,US
tt0365125,US
tt0299172,US
tt0115734,US
tt0492956,US
tt1130988,BE
tt1130988,FR
tt1130988,LU
tt0395495,US
tt0948530,BE
tt0906665,JP
tt0879843,PL
tt0970411,US
tt0091369,GB
tt0091369,US
tt1046163,US
tt0315297,DE
tt0315297,US
tt0323944,CA
tt0323944,US
tt0269095,US
tt0210382,FR
tt0210382,US
tt1135985,US
tt0790686,RO
tt0790686,US
tt0093560,US
tt0489037,US
tt0484111,DE
tt0484111,GB
tt0484111,US
tt0443295,US
tt0303933,US
tt0244000,US
tt0395119,ES
tt0494652,US
tt0492619,US
tt0211933,US
tt0335559,US
tt0796366,DE
tt0796366,US
tt0804516,US
tt0483607,DE
tt0483607,GB
tt0483607,US
tt0483607,ZA
tt0465580,US
tt0465580,CA
tt0808151,IT
tt0808151,US
tt0168786,US
tt0390022,US
tt0290332,US
tt0889588,AU
tt0889588,CN
tt0889588,DE
tt1034331,US
tt1129442,FR
tt1129442,GB
tt0396652,US
tt0396652,CA
tt0310281,US
tt0262396,US
tt0854678,GB
tt1091617,US
tt0091445,US
tt0083929,US
tt0408524,US
tt0481536,US
tt1139797,SE
tt0988047,US
tt0947802,US
tt0417433,US
tt0845046,DE
tt0845046,FR
tt0845046,GB
tt0490181,US
tt0490181,GB
tt0479537,US
tt0285441,CA
tt0790623,US
tt1205489,US
tt1205489,DE
tt0758746,US
tt0360323,US
tt0780516,GB
tt0780516,LU
tt0884224,BG
tt0435680,GB
tt0814022,US
tt0409459,US
tt0850253,US
tt0089908,GB
tt0089908,US
tt0102915,US
tt0105219,TH
tt0105219,US
tt0482572,US
tt0482572,DE
tt0455538,GB
tt0862846,US
tt0423169,US
tt0283503,US
tt0419843,US
tt0106233,US
tt0780607,US
tt0450314,CA
tt0450314,DE
tt0450314,US
tt0397892,US
tt0467197,US
tt0467197,CA
tt1059786,US
tt1059786,DE
tt0848557,US
tt0800240,US
tt0942903,CA
tt0942903,US
tt0858479,US
tt0416212,US
tt1151359,US
tt1213012,US
tt1213012,IN
tt0443431,US
tt0291502,IT
tt0291502,GB
tt0261289,DE
tt0261289,US
tt0089604,US
tt0446046,US
tt0087003,US
tt0117477,FR
tt0076504,US
tt0093278,US
tt0089913,NO
tt0089913,GB
tt0449086,US
tt0800308,US
tt0098180,NA
tt0098180,US
tt0098180,ZA
tt0367085,US
tt1196340,US
tt0315824,US
tt0119906,US
tt0092699,US
tt0852713,US
tt0156934,US
tt0119832,US
tt0077588,US
tt0181739,US
tt0210234,JP
tt0210234,US
tt0268397,US
tt1019452,US
tt1019452,GB
tt1019452,FR
tt0808399,US
tt1225822,US
tt0412536,IT
tt0412536,MA
tt0412536,GB
tt0076141,US
tt0470705,US
tt0098320,US
tt0202470,US
tt0351817,JP
tt0926084,GB
tt0926084,US
tt0834001,US
tt0489237,US
tt0876563,JP
tt1046997,IT
tt1046997,US
tt1175506,US
tt0971209,US
tt0066817,US
tt0026752,US
tt0086927,US
tt0425637,CN
tt0377091,US
tt0338459,US
tt0279493,US
tt1146325,IN
tt0075066,GB
tt0075066,US
tt0119304,US
tt0326769,US
tt0416044,RU
tt0416044,DE
tt0416044,KZ
tt0472033,US
tt0115994,US
tt0119784,IT
tt0119784,US
tt0095776,US
tt0418753,US
tt0103247,US
tt0451079,US
tt0160916,US
tt0192731,CA
tt0192731,US
tt0144964,US
tt0061452,GB
tt0061452,US
tt1226273,GB
tt1226273,US
tt0369436,US
tt0981227,US
tt1185834,SG
tt1185834,US
tt0811138,US
tt0811138,GB
tt0811138,DE
tt1125849,US
tt0887912,US
tt0111756,US
tt0120889,NZ
tt0120889,US
tt0114825,US
tt1014759,US
tt0381707,US
tt0098273,US
tt0264616,DE
tt0264616,IT
tt0264616,US
tt0095489,IE
tt0095489,US
tt0103759,US
tt0369226,CA
tt0369226,DE
tt0369226,US
tt0106701,US
tt0233142,US
tt0838283,US
tt0115857,US
tt0095687,US
tt0758774,US
tt0758774,GB
tt0388139,CA
tt0388139,GB
tt0144528,US
tt0114214,JP
tt0114214,US
tt0084503,GB
tt0260866,AU
tt0260866,US
tt0245562,US
tt0493430,US
tt0305711,DE
tt0305711,US
tt0106950,AU
tt0106950,US
tt0238546,AU
tt0238546,US
tt0203019,US
tt0080487,US
tt0089469,US
tt0089469,GB
tt0119978,US
tt0096734,US
tt0146309,US
tt0119282,US
tt0108358,US
tt0378109,US
tt0096487,US
tt0116707,US
tt0076716,GB
tt0102558,US
tt0144120,CA
tt0144120,US
tt0964185,AR
tt0964185,ES
tt0964185,IT
tt0964185,US
tt0426592,US
tt0068699,US
tt0056085,US
tt0094142,US
tt0089941,IL
tt0089941,US
tt0264935,US
tt0102603,US
tt0070608,US
tt0087597,US
tt0113362,FR
tt0090863,US
tt0265298,US
tt0377062,US
tt0089092,US
tt0113451,US
tt0113347,US
tt0113010,US
tt0110971,CA
tt0110971,US
tt0077745,US
tt0190374,CZ
tt0190374,US
tt0271946,HK
tt0072081,GB
tt0078480,GB
tt0345950,US
tt0804461,US
tt0118607,US
tt0360201,FR
tt0360201,GB
tt0051622,US
tt0253867,US
tt0107387,US
tt0120873,US
tt1093370,IN
tt0375210,CA
tt0375210,GB
tt0375210,US
tt0482603,US
tt0480025,GB
tt0089175,US
tt0114287,GB
tt0114287,US
tt0077416,GB
tt0077416,US
tt0138524,US
tt0339291,DE
tt0339291,US
tt0049934,IT
tt0049934,US
tt0084649,US
tt0120008,US
tt1095217,US
tt0056217,US
tt0180052,AU
tt0180052,US
tt0092675,US
tt0120917,US
tt0073312,US
tt0418819,CA
tt0418819,FR
tt0418819,US
tt0329774,US
tt0190865,NZ
tt0190865,PK
tt0190865,US
tt0120694,US
tt0115433,GB
tt0115433,US
tt0974554,US
tt0111301,JP
tt0111301,US
tt0425061,CA
tt0425061,RU
tt0425061,US
tt0405821,JP
tt0424205,BE
tt0424205,FR
tt0424205,DE
tt0424205,JP
tt0424205,NO
tt0424205,RO
tt0424205,GB
tt0424205,US
tt0093507,US
tt0417001,US
tt0082432,AU
tt0089881,JP
tt0089881,FR
tt0082085,US
tt0083791,GB
tt0083791,US
tt0372237,US
tt0368578,US
tt0302886,US
tt0401233,JP
tt0241025,GB
tt0241025,US
tt0068555,US
tt0124298,US
tt0043949,US
tt0424095,GB
tt0424095,US
tt0171363,US
tt0289992,DE
tt0289992,GB
tt0289992,US
tt0164181,US
tt0937237,US
tt0111686,US
tt0099044,US
tt0111127,US
tt0065938,RS
tt0065938,US
tt0076009,US
tt0070518,US
tt0057193,US
tt0059243,US
tt0104409,CA
tt0104409,US
tt0118747,US
tt0421729,US
tt0097123,US
tt0070707,US
tt0257756,US
tt0410764,CA
tt0410764,GB
tt0075223,US
tt0122718,US
tt0128445,US
tt0275847,US
tt0116778,US
tt0080360,US
tt0086617,AU
tt0086617,US
tt0055184,US
tt0256415,US
tt0082348,GB
tt0082348,US
tt0078723,US
tt0113845,US
tt0301727,CH
tt0301727,DE
tt0301727,ES
tt0301727,FR
tt0301727,IT
tt0455957,ES
tt0455957,US
tt0086984,US
tt0096071,US
tt0096787,IE
tt0096787,GB
tt0096787,US
tt0087262,US
tt0091757,FR
tt0091757,TN
tt0192614,CA
tt0192614,US
tt0080120,US
tt0211443,US
tt0235737,US
tt0034248,US
tt0421239,US
tt0405325,US
tt0249478,US
tt0091474,US
tt0367652,US
tt0283111,US
tt0400497,US
tt0113819,US
tt0220506,US
tt1139328,DE
tt1139328,GB
tt1139328,US
tt0332047,DE
tt0332047,US
tt0120434,US
tt0091530,FR
tt0091530,GB
tt0116908,US
tt0094074,GB
tt0094074,US
tt0402399,US
tt0160009,CA
tt0160009,US
tt0277371,US
tt0111070,US
tt0087781,US
tt0166110,US
tt0185371,US
tt0329717,US
tt0227445,DE
tt0227445,US
tt0246544,GB
tt0246544,US
tt0246544,DE
tt0246544,LU
tt0117628,US
tt0245844,US
tt0097474,US
tt0033563,US
tt0351977,US
tt0095271,US
tt0151738,US
tt0096794,US
tt0301470,US
tt0095488,GB
tt0089346,US
tt0081554,US
tt0085407,US
tt0313542,US
tt0073812,GB
tt1130884,US
tt1130080,US
tt1152836,US
tt0814314,US
tt0252501,AU
tt0252501,US
tt0099740,GB
tt0099740,US
tt0084917,US
tt0116259,US
tt0066808,US
tt0086969,US
tt0104694,US
tt0082136,US
tt0094890,US
tt0101917,US
tt0396752,FR
tt0396752,GB
tt0396752,US
tt0366551,US
tt0765476,US
tt0104231,US
tt0120696,DK
tt0120696,FR
tt0120696,NZ
tt0120696,GB
tt0120696,US
tt0091867,GB
tt0411477,DE
tt0411477,US
tt0155975,US
tt0387575,RO
tt0387575,US
tt0356470,CA
tt0356470,US
tt0091578,GB
tt0366174,US
tt0110657,US
tt0116040,US
tt0086955,US
tt0048750,US
tt0331953,US
tt0109190,US
tt0053580,US
tt0324554,US
tt0062467,US
tt0066206,US
tt0103956,GB
tt0103956,US
tt0099253,US
tt0098282,US
tt0758766,US
tt0758794,US
tt0360009,DE
tt0360009,US
tt0054167,GB
tt0066473,JP
tt0066473,US
tt0117589,GB
tt0117589,FR
tt0104437,US
tt0085995,US
tt0323033,DE
tt0323033,IE
tt0323033,GB
tt0100477,US
tt0091778,US
tt0361467,DE
tt0361467,US
tt0368933,US
tt0188674,GB
tt0188674,IE
tt0349710,US
tt0058385,US
tt0382077,US
tt0315983,US
tt0200027,US
tt0255798,US
tt0104389,US
tt0268995,US
tt0056264,US
tt0364045,US
tt0103859,US
tt0088850,US
tt0317676,CA
tt0317676,DE
tt0317676,US
tt0335121,CA
tt0335121,US
tt0403703,JP
tt0403703,US
tt0095497,US
tt0095497,CA
tt0065207,GB
tt0065207,US
tt0316732,FR
tt0316732,US
tt0338135,CA
tt0338135,FR
tt0065988,US
tt0332280,US
tt0071577,US
tt0080661,US
tt0088258,US
tt0204313,US
tt0328538,US
tt0272207,CA
tt0272207,US
tt0090350,US
tt0112508,US
tt0120004,DE
tt0120004,JP
tt0120004,NZ
tt0120004,GB
tt0120004,US
tt0274812,US
tt0349205,US
tt0120888,US
tt0181316,DE
tt0181316,US
tt0115685,US
tt0088944,US
tt0243585,US
tt0239395,US
tt0235679,JP
tt0113253,US
tt0443536,US
tt0261983,US
tt0088814,US
tt0245686,US
tt0102526,US
tt0277027,US
tt0082406,US
tt0393597,DE
tt0393597,GB
tt0393597,US
tt0092618,US
tt0080855,US
tt0328589,IT
tt0328589,US
tt0089907,US
tt0313911,CA
tt0313911,US
tt0054953,GB
tt0054953,US
tt0107302,US
tt0029843,US
tt0105128,US
tt0409345,US
tt0303361,US
tt0083131,US
tt0053285,US
tt0267287,JP
tt0267287,PL
tt0110093,US
tt0239948,US
tt0242445,CA
tt0242445,US
tt0180073,DE
tt0180073,GB
tt0180073,US
tt0189998,US
tt0110955,US
tt0119210,US
tt0206314,US
tt0230011,US
tt0186894,US
tt0117011,US
tt0113987,US
tt0089853,US
tt0088680,US
tt0117008,US
tt0240462,US
tt0086361,US
tt0074812,US
tt0114436,FR
tt0114436,US
tt0402158,FR
tt0267804,US
tt0264395,US
tt0116365,NZ
tt0116365,US
tt0091419,US
tt0074958,US
tt0077394,US
tt0830515,GB
tt0830515,US
tt0364751,US
tt0866439,GB
tt0866439,US
tt0815244,US
tt0338094,US
tt0075029,US
tt0079116,US
tt0318974,US
tt0109446,US
tt0074751,US
tt0083336,US
tt0083943,US
tt0115783,US
tt0309530,DE
tt0309530,US
tt0319343,US
tt0319343,DE
tt0329691,AU
tt0329691,US
tt0318155,DE
tt0318155,US
tt0297884,US
tt0317303,US
tt0367089,US
tt0118589,US
tt0109402,US
tt0250224,US
tt0120199,IE
tt0120199,GB
tt0120199,US
tt0171359,US
tt0115956,US
tt0147612,US
tt0910970,US
tt1034314,FI
tt1034314,DE
tt1034314,AU
tt0305669,US
tt0338096,US
tt0085636,US
tt0095174,FR
tt0095174,US
tt0120762,US
tt0094291,US
tt0482606,US
tt1245112,ES
tt0120484,US
tt0960144,US
tt0091225,US
tt0090095,FR
tt0086383,US
tt0074483,US
tt0223897,US
tt0246989,US
tt0096332,US
tt0210945,US
tt0113118,US
tt0269347,US
tt0312549,IE
tt0312549,GB
tt0312549,US
tt0083169,US
tt0377092,US
tt0306685,US
tt0117786,AU
tt0117786,HK
tt0303714,US
tt0316396,GB
tt0316396,US
tt0255477,IT
tt0255477,US
tt0251114,US
tt0265208,US
tt0277434,DE
tt0277434,US
tt0367479,US
tt0116409,DE
tt0116409,US
tt0094862,US
tt0219653,US
tt0086154,US
tt0204175,US
tt0130623,US
tt0198021,US
tt0164212,US
tt0210616,US
tt0186151,US
tt0166175,GB
tt0307453,US
tt0308208,DE
tt0308208,US
tt0115571,MX
tt0115571,US
tt0115986,US
tt0116583,US
tt0082869,GB
tt0116683,US
tt0105104,US
tt0101761,US
tt0118158,US
tt0114345,US
tt0114148,US
tt0462465,DE
tt0462465,US
tt0988045,DE
tt0988045,GB
tt0988045,US
tt0479952,US
tt1175491,US
tt0901476,US
tt0496328,US
tt0074860,US
tt0066769,US
tt0138749,US
tt0104779,FR
tt0104779,GB
tt0104779,US
tt0097162,AU
tt0097162,US
tt0157503,US
tt0085382,US
tt0410377,US
tt0452608,GB
tt0452608,US
tt0452608,DE
tt0211181,US
tt0160797,US
tt0117918,US
tt0132245,AU
tt0132245,CA
tt0132245,US
tt0410097,US
tt0195945,US
tt0091541,US
tt0208988,US
tt0110944,US
tt0110678,US
tt0108174,US
tt0107507,US
tt0107120,US
tt0106375,US
tt0106226,US
tt0499556,US
tt0499556,CA
tt0113243,US
tt0105226,US
tt0293815,US
tt0473188,DE
tt0473188,US
tt0104549,US
tt0106770,US
tt0104868,US
tt0105151,US
tt0205000,US
tt0174856,US
tt0150377,CA
tt0150377,US
tt0165854,US
tt0129167,US
tt0162983,DE
tt0162983,US
tt0134983,CH
tt0134983,US
tt0101775,GB
tt0101775,US
tt0104952,US
tt0160184,US
tt0119142,US
tt0120857,GB
tt0120857,IT
tt0176269,US
tt0065528,US
tt1103275,FR
tt1103275,US
tt1007028,US
tt0120524,US
tt0106664,US
tt0097637,US
tt0133046,US
tt0049513,US
tt0059797,GB
tt0101516,US
tt0120177,US
tt0102713,US
tt0322330,US
tt0112715,US
tt0333780,US
tt0082186,US
tt0377109,US
tt1018765,US
tt1124035,US
tt0432283,US
tt1234548,GB
tt1234548,US
tt0129290,US
tt0145531,US
tt0095889,US
tt0089370,US
tt0452702,US
tt0457572,CA
tt0107254,US
tt0097388,US
tt0095179,US
tt0103241,US
tt0086619,GB
tt0086619,US
tt0401815,US
tt0372873,KR
tt0102803,US
tt0281358,US
tt0190641,JP
tt0190641,US
tt0091080,US
tt0097659,US
tt0128442,US
tt0120255,CA
tt0120841,US
tt0120148,GB
tt0120148,US
tt0158811,US
tt0139462,US
tt0103893,US
tt0327437,DE
tt0327437,IE
tt0327437,GB
tt0327437,US
tt0960731,US
tt1068680,US
tt0970416,CA
tt0970416,US
tt0420238,GB
tt0420238,US
tt0780521,US
tt0875034,IT
tt0875034,US
tt0938283,US
tt0800369,US
tt0435761,US
tt0892791,US
tt0892769,US
tt0910936,US
tt1018785,US
tt1027862,US
tt1031969,US
tt0805570,US
tt1001508,NL
tt1001508,US
tt1001508,DE
tt0100114,US
tt0104692,GB
tt0104692,JP
tt0104692,US
tt0097981,US
tt0327850,US
tt0082517,US
tt0120399,FR
tt0120399,US
tt0120184,US
tt0329028,US
tt0114478,DE
tt0114478,JP
tt0114478,US
tt0307987,DE
tt0307987,US
tt0356618,US
tt0097757,US
tt0097027,TH
tt0097027,US
tt0980970,US
tt1013753,US
tt1228705,US
tt0164912,DE
tt0164912,US
tt0091129,US
tt0098206,US
tt0096219,CA
tt0096219,US
tt0094631,US
tt0094919,US
tt0094894,US
tt0094612,US
tt0092965,US
tt0012349,US
tt0337563,US
tt0433442,US
tt0499554,US
tt0093640,US
tt0318081,CZ
tt0318081,DE
tt0318081,GB
tt0318081,US
tt0466342,CH
tt0466342,US
tt0093629,US
tt0441796,US
tt0091635,US
tt0393735,US
tt0397065,US
tt0384806,US
tt0116225,US
tt0430308,US
tt0108333,US
tt0108333,AT
tt0227538,US
tt0455857,US
tt0259288,DE
tt0259288,US
tt0382992,US
tt0151137,FR
tt0414852,FR
tt0452625,CA
tt0452625,US
tt0124198,US
tt0322589,US
tt0342258,FR
tt0342258,GB
tt0342258,US
tt0397078,US
tt1078588,US
tt0092925,US
tt0395699,CA
tt0395699,US
tt0093936,US
tt0093493,US
tt0092240,US
tt0092240,CA
tt0228333,US
tt0091187,US
tt0089686,US
tt0091738,US
tt0257516,DE
tt0257516,US
tt0120053,US
tt0091149,US
tt0344854,FR
tt0218817,CA
tt0218817,US
tt0486551,US
tt0413895,DE
tt0413895,US
tt0371606,US
tt0384642,US
tt0091499,US
tt0457495,DE
tt0457495,GB
tt0457495,US
tt0381971,US
tt0097770,US
tt0425430,US
tt0477071,US
tt0279113,NL
tt0279113,DE
tt0279113,US
tt0349467,US
tt0425601,CA
tt0475944,US
tt0462504,US
tt0419749,DE
tt0419749,US
tt0357277,CA
tt0357277,US
tt0146675,US
tt0107798,US
tt0097815,US
tt0090966,US
tt0289848,AU
tt0289848,US
tt0358082,US
tt0421054,FR
tt0421054,GB
tt0421054,US
tt0119925,US
tt0370032,US
tt0251127,DE
tt0251127,US
tt0397101,DE
tt0397101,US
tt0417217,US
tt0414853,DE
tt0414853,US
tt0429589,US
tt0405469,CA
tt0405469,US
tt0462338,US
tt0295700,DE
tt0295700,US
tt0395251,US
tt0250687,CA
tt0250687,US
tt0483726,US
tt0115798,US
tt0327162,US
tt0256380,US
tt0113481,CA
tt0113481,US
tt0233469,US
tt0133952,US
tt0247638,US
tt0117765,US
tt0146336,CA
tt0146336,FR
tt0146336,US
tt0089114,US
tt0800039,US
tt0105112,US
tt0120764,US
tt0120777,US
tt0462519,US
tt0089421,US
tt0120794,US
tt0366548,AU
tt0120741,US
tt0293508,GB
tt0293508,US
tt0475276,FR
tt0475276,GB
tt0475276,US
tt0450340,US
tt0117331,AU
tt0117331,US
tt0139414,US
tt0132347,US
tt0119707,US
tt0116999,US
tt0206275,US
tt0414951,US
tt0454987,US
tt0317705,US
tt0114898,US
tt0117500,US
tt0317198,FR
tt0317198,DE
tt0317198,IE
tt0317198,GB
tt0317198,US
tt0107818,US
tt0232500,DE
tt0232500,US
tt0120660,US
tt0424993,US
tt0454841,FR
tt0454841,US
tt0846040,FR
tt0846040,IT
tt0384793,US
tt0355702,DE
tt0355702,US
tt0435670,CA
tt0435670,US
tt0165710,US
tt0403508,US
tt0240890,US
tt0377107,US
tt0118571,DE
tt0118571,US
tt0119592,US
tt0119558,FR
tt0119558,US
tt0099329,US
tt0452594,US
tt0421206,US
tt0380389,GB
tt0380389,US
tt0462590,US
tt0799949,US
tt0337921,DE
tt0337921,US
tt0477051,US
tt0408345,US
tt0408345,AU
tt0089155,US
tt0119485,US
tt0217869,US
tt0212985,GB
tt0212985,US
tt0106697,US
tt0120667,DE
tt0120667,US
tt0112442,US
tt0089173,US
tt0083972,US
tt0401445,US
tt0374536,US
tt0415306,US
tt0119303,US
tt0450345,US
tt0450345,DE
tt0450345,CA
tt0244244,AU
tt0244244,US
tt0462396,GB
tt0462396,IT
tt0462396,FR
tt0462396,TN
tt0395972,US
tt0343996,US
tt0452637,US
tt0206634,GB
tt0206634,US
tt0112401,FR
tt0112401,US
tt0280760,US
tt0454919,US
tt0187078,US
tt0387877,FR
tt0387877,DE
tt0387877,US
tt0375063,US
tt0420609,US
tt0218553,JP
tt0366627,DE
tt0366627,US
tt0097441,US
tt0454824,GB
tt0454824,US
tt0088172,US
tt0286244,FR
tt0286244,BE
tt0286244,CA
tt0286244,GB
tt0454082,CA
tt0454082,US
tt0454945,US
tt0317740,GB
tt0317740,US
tt0088206,GB
tt0088206,US
tt0288477,AU
tt0288477,US
tt0452598,US
tt0267913,US
tt0120768,DE
tt0120768,US
tt0089893,NL
tt0089893,US
tt0110725,US
tt0368709,US
tt0338337,CA
tt0338337,US
tt0118928,US
tt0098439,US
tt0304711,DE
tt0304711,US
tt0463985,JP
tt0463985,US
tt0116483,US
tt0087078,US
tt0108255,GB
tt0108255,US
tt0293416,JP
tt0105414,US
tt0095963,US
tt0094898,US
tt0208003,DE
tt0208003,US
tt0094761,US
tt0112431,AU
tt0112431,US
tt0102059,US
tt0101764,US
tt0107362,US
tt0099165,US
tt0077369,GB
tt0077369,US
tt0295289,US
tt0084805,US
tt0119137,US
tt0309377,US
tt0106677,US
tt0078869,US
tt0099739,US
tt0314353,US
tt0116277,US
tt0146838,US
tt0300556,US
tt0114887,US
tt0107808,US
tt0099939,IT
tt0099939,GB
tt0099939,US
tt0285462,DE
tt0285462,US
tt0099365,US
tt0086197,US
tt0098987,US
tt0295254,DE
tt0295254,LU
tt0295254,GB
tt0295254,US
tt0473075,US
tt0091209,US
tt0300051,US
tt0094964,CA
tt0094964,US
tt0081455,CA
tt0122933,AU
tt0122933,US
tt0289765,DE
tt0289765,US
tt0195714,US
tt0086393,GB
tt0086393,US
tt0449089,DE
tt0449089,GB
tt0449089,US
tt0103919,US
tt0396269,US
tt0107554,US
tt0365485,DE
tt0365485,US
tt0328107,GB
tt0328107,US
tt0305224,US
tt0104348,US
tt0441773,US
tt0109506,US
tt0120693,US
tt0128853,US
tt0287717,US
tt0120623,US
tt0274166,FR
tt0274166,GB
tt0113492,US
tt0145681,US
tt0287978,US
tt0107688,US
tt0349683,IE
tt0349683,GB
tt0349683,US
tt0183790,US
tt0105323,US
tt0364725,DE
tt0364725,US
tt0305357,US
tt0373074,CN
tt0373074,HK
tt0124718,US
tt0126250,US
tt0118789,US
tt0118956,CA
tt0118956,US
tt0142192,US
tt0120631,US
tt0080491,IT
tt0080491,US
tt0118798,US
tt0120609,US
tt0120595,AU
tt0118617,US
tt0119468,US
tt0117826,US
tt0139239,US
tt0120770,US
tt0265666,US
tt0091064,CA
tt0091064,GB
tt0091064,US
tt0120157,US
tt0134619,AU
tt0134619,US
tt0120458,US
tt0120458,GB
tt0120458,DE
tt0120458,JP
tt0120458,FR
tt0120633,US
tt0119038,FR
tt0120483,US
tt0119896,US
tt0119223,US
tt0423294,US
tt0118604,FR
tt0118604,GB
tt0118604,LU
tt0118604,NL
tt0118604,US
tt0119951,US
tt0117603,US
tt0100029,US
tt0196229,DE
tt0196229,US
tt0251075,US
tt0094602,HK
tt0094602,US
tt0384369,DE
tt0116695,US
tt0386741,FR
tt0386741,GB
tt0386741,LU
tt0427944,US
tt0082198,US
tt0107206,US
tt0335438,US
tt0164052,DE
tt0164052,US
tt0112571,FR
tt0112571,US
tt0364970,FR
tt0364970,GB
tt0104070,US
tt0104815,MX
tt0104815,US
tt0119008,US
tt1181614,GB
tt0100814,US
tt0104691,US
tt0118615,BR
tt0118615,PE
tt0118615,US
tt0309593,US
tt0265459,US
tt0089530,AU
tt0097523,US
tt0457510,US
tt0356150,US
tt0106582,FR
tt0106582,IT
tt0106582,US
tt0114508,US
tt0113540,US
tt0120746,US
tt0298814,US
tt0298814,CA
tt0298814,DE
tt0089218,US
tt0389860,US
tt0388482,FR
tt0277296,US
tt0277296,DE
tt0277296,BE
tt0116830,US
tt0109444,US
tt0117218,US
tt0088011,MX
tt0088011,US
tt0118661,US
tt0102266,US
tt0408790,US
tt0113855,US
tt0465142,US
tt0116654,US
tt0115736,US
tt0385880,US
tt0117333,US
tt0455967,CA
tt0455967,US
tt0102070,US
tt0398165,US
tt0231402,AU
tt0231402,US
tt0056197,US
tt0414982,CA
tt0414982,DE
tt0414982,US
tt0215129,US
tt0090329,US
tt0280665,CH
tt0280665,FR
tt0116705,US
tt0133751,US
tt0112281,US
tt0107034,US
tt0114857,US
tt0393109,US
tt0116213,CA
tt0116213,US
tt0300532,DE
tt0300532,US
tt0114011,US
tt0107156,TW
tt0107156,US
tt0257076,US
tt0107144,US
tt0115759,US
tt0117420,CA
tt0117420,US
tt0114367,CA
tt0114367,JP
tt0114367,US
tt0115963,US
tt0117002,US
tt0240510,GB
tt0240510,US
tt0114576,US
tt0112346,US
tt0097481,US
tt0057546,US
tt0389557,NL
tt0389557,DE
tt0389557,GB
tt0430304,US
tt0113677,US
tt0113820,JP
tt0113820,US
tt0114614,US
tt0095294,GB
tt0111400,US
tt0398913,DE
tt0398913,GB
tt0398913,US
tt0375154,CZ
tt0375154,DE
tt0375154,GB
tt0402901,DE
tt0402901,US
tt0070666,IT
tt0070666,US
tt0280380,DE
tt0280380,US
tt0408839,US
tt0084021,US
tt0397313,US
tt0142342,US
tt0406759,US
tt1033643,US
tt0106941,US
tt0166813,US
tt0304669,US
tt0133240,US
tt0095631,US
tt0382628,US
tt0140352,US
tt0425123,US
tt0398017,GB
tt0398017,US
tt0436331,US
tt0489281,US
tt0109635,US
tt0427954,TH
tt0427954,AU
tt0398712,US
tt0398712,FR
tt0391304,US
tt0419946,US
tt0046534,US
tt0129280,US
tt0357507,US
tt0478304,US
tt0112740,US
tt0172156,US
tt0448157,US
tt1045772,US
tt0486674,US
tt0263488,DE
tt0263488,US
tt0356634,US
tt0120587,US
tt1129445,US
tt0149261,AU
tt0149261,US
tt0098084,US
tt0493464,DE
tt0493464,US
tt1185616,IL
tt1185616,FR
tt1185616,DE
tt0119738,US
tt0105793,US
tt0170016,DE
tt0170016,US
tt0199753,AU
tt0199753,US
tt0119664,US
tt0242423,US
tt0120207,US
tt0093777,US
tt0111143,US
tt0375173,GB
tt0375173,US
tt0200465,AU
tt0200465,GB
tt0200465,US
tt0105690,FR
tt0105690,US
tt0113497,US
tt0209958,DE
tt0209958,US
tt0312329,DE
tt0312329,US
tt0116136,US
tt0112642,US
tt0443701,CA
tt0443701,US
tt0250494,US
tt0118883,US
tt1023490,IT
tt0111438,JP
tt0111438,US
tt0116250,US
tt0116250,HU
tt0419706,CZ
tt0419706,DE
tt0419706,GB
tt0419706,US
tt0871426,US
tt0116514,US
tt0088286,GB
tt0088286,US
tt0120863,CA
tt0120863,US
tt0357413,US
tt0311429,CZ
tt0311429,DE
tt0311429,GB
tt0311429,US
tt0337909,GB
tt0120832,CA
tt0120832,US
tt0936501,FR
tt0936501,GB
tt0936501,US
tt0770752,US
tt0267626,CA
tt0267626,DE
tt0267626,GB
tt0267626,US
tt0120647,US
tt0255589,KR
tt0949731,US
tt0949731,IN
tt0949731,FR
tt0404032,US
tt0311113,US
tt0464049,GB
tt0099422,US
tt0184894,HK
tt0184894,US
tt0081573,GB
tt0081573,US
tt0112857,US
tt0098627,US
tt0248667,US
tt0386588,US
tt0120891,US
tt0251160,US
tt0808279,AT
tt0808279,FR
tt0808279,DE
tt0808279,IT
tt0808279,GB
tt0808279,US
tt1023111,US
tt0439662,IN
tt0216216,US
tt0297181,US
tt0119081,GB
tt0119081,US
tt0266465,DE
tt0266465,US
tt0088993,US
tt0088993,JP
tt0455960,US
tt0278488,US
tt0144117,CA
tt0144117,US
tt1055369,US
tt0102798,US
tt0829482,US
tt0162222,US
tt1080016,US
tt0365675,DE
tt0365675,GB
tt0861689,BR
tt0861689,CA
tt0861689,JP
tt0096256,US
tt1023481,US
tt0780536,GB
tt0780536,US
tt0430105,US
tt0107840,US
tt0831887,US
tt0869994,FR
tt0328828,US
tt0486822,US
tt0427470,US
tt1064932,FR
tt0489099,CA
tt0489099,US
tt0134273,US
tt0416236,US
tt0402022,US
tt0258068,US
tt0119668,US
tt0122690,FR
tt0122690,GB
tt0122690,US
tt0796375,US
tt0089017,US
tt0056937,GB
tt0056937,US
tt0056937,CH
tt0880578,US
tt0324127,DE
tt0324127,GB
tt0324127,US
tt1024943,IN
tt0118583,US
tt0103644,GB
tt0103644,US
tt0057869,FR
tt0062711,US
tt0112851,US
tt0371257,US
tt0478087,US
tt0976051,DE
tt0976051,US
tt1054606,CA
tt1054606,FR
tt1054606,GB
tt0419294,US
tt0419294,FR
tt0119256,US
tt0272338,US
tt0299930,US
tt0113161,US
tt0110027,CA
tt0110027,FR
tt0110027,GB
tt0102034,AR
tt0102034,FR
tt0102034,GB
tt0091203,GB
tt0091203,US
tt0159273,US
tt0107977,FR
tt0107977,US
tt0107207,GB
tt0107207,IE
tt0380510,GB
tt0380510,NZ
tt0380510,US
tt0419887,CN
tt0419887,US
tt0292963,US
tt0425413,GB
tt0405508,IN
tt0462200,US
tt0433387,US
tt0398027,US
tt0468489,US
tt0443649,US
tt0443649,ZA
tt0432021,AU
tt0432021,FR
tt0432021,DE
tt0432021,GB
tt0432021,US
tt1063669,DE
tt0462499,DE
tt0462499,US
tt0348333,US
tt0369441,US
tt0453467,US
tt0094889,US
tt0327084,US
tt0475394,FR
tt0475394,GB
tt0475394,US
tt0387808,US
tt0439289,US
tt0211465,US
tt0822854,US
tt0400717,US
tt0443274,US
tt0811080,AU
tt0811080,DE
tt0811080,US
tt0371724,US
tt0295701,US
tt0120913,US
tt0942385,US
tt0942385,GB
tt0942385,DE
tt0765010,US
tt0120630,GB
tt0102945,US
tt0318649,DE
tt0318649,ES
tt0318649,GB
tt0318649,US
tt0903627,FR
tt0825232,US
tt0469494,US
tt0144814,US
tt0106246,US
tt0404390,DE
tt0404390,US
tt0252076,US
tt0238380,US
tt0266489,DE
tt0266489,US
tt1073498,US
tt0325805,US
tt0376108,US
tt0075648,US
tt0330793,DE
tt0330793,US
tt0393162,DE
tt0393162,US
tt0480242,US
tt1060277,US
tt0457433,US
tt0338526,CZ
tt0338526,US
tt0116669,US
tt0098577,US
tt0209077,FR
tt0209077,NL
tt0209077,US
tt0090728,US
tt0477348,US
tt0478134,US
tt0455824,AU
tt0455824,US
tt0455824,GB
tt0337741,US
tt0384680,DE
tt0384680,US
tt0372532,US
tt0405422,US
tt0114069,US
tt0368447,US
tt0427229,US
tt0049833,US
tt0406375,US
tt0100514,US
tt0800241,DE
tt0800241,ES
tt0800241,GB
tt0800241,LT
tt0061619,US
tt0484740,US
tt0465234,US
tt0047437,US
tt0805564,US
tt0841046,US
tt0988595,US
tt0138510,US
tt0472062,US
tt0123964,US
tt0113071,US
tt0377818,US
tt0120389,JP
tt0120389,US
tt0099052,US
tt0480249,US
tt0952640,US
tt0329101,CA
tt0329101,IT
tt0329101,US
tt0376105,US
tt0376105,ZA
tt0120791,US
tt0120188,US
tt0115862,US
tt0085255,US
tt0237534,FR
tt0119715,US
tt0200550,US
tt0110216,US
tt0108147,US
tt0253556,IE
tt0253556,GB
tt0253556,US
tt0285531,US
tt0120185,GB
tt0103874,US
tt0106519,US
tt0236493,MX
tt0236493,US
tt0118531,US
tt0120828,US
tt0300471,HK
tt0300471,US
tt0431308,US
tt0343135,US
tt0237572,US
tt0057115,US
tt0070511,US
tt0060934,US
tt0072308,US
tt0758758,US
tt0075784,GB
tt0075784,US
tt0086987,US
tt0112541,US
tt0884328,US
tt0897361,US
tt0074512,US
tt0225071,US
tt0284490,AU
tt0284490,US
tt0097958,US
tt0443632,US
tt0061107,US
tt0091217,US
tt0089791,US
tt0389790,US
tt0186566,US
tt0107978,US
tt0100502,US
tt0093870,US
tt0106977,US
tt0185183,US
tt0120604,US
tt0120604,FR
tt0308353,DE
tt0308353,US
tt0486583,US
tt0094667,AR
tt0094667,GB
tt0402910,CA
tt0402910,GB
tt0402910,US
tt0280707,DE
tt0280707,GB
tt0280707,US
tt0338348,US
tt0373469,US
tt0075268,US
tt0066249,GB
tt0381849,US
tt0266915,US
tt0293564,US
tt0469263,US
tt0040522,IT
tt0091167,US
tt0346156,GB
tt0346156,US
tt0804522,US
tt0426931,US
tt0072226,US
tt0497465,US
tt0497465,ES
tt0335563,CA
tt0335563,US
tt0118749,US
tt0765429,GB
tt0765429,US
tt0090633,US
tt0348836,US
tt0171433,US
tt0478311,US
tt0119675,US
tt0963178,DE
tt0963178,GB
tt0963178,US
tt0146984,US
tt0147800,US
tt0887883,US
tt0887883,GB
tt0887883,FR
tt0379865,DE
tt0379865,US
tt0347149,JP
tt0061747,US
tt0138414,US
tt0421715,US
tt0270288,US
tt0279331,DE
tt0279331,GB
tt0279331,US
tt0427392,US
tt0427392,AU
tt0375912,GB
tt0119395,US
tt0056923,US
tt0163187,US
tt0452623,US
tt0405336,FR
tt0405336,DE
tt0405336,US
tt0106452,US
tt0072665,US
tt0310775,KR
tt0406816,US
tt0425112,GB
tt0465436,AU
tt0465436,GB
tt0465436,US
tt0164184,US
tt0350028,US
tt0913354,US
tt0100140,US
tt0114388,GB
tt0114388,US
tt0465538,US
tt1000774,US
tt0361862,US
tt0361862,ES
tt0377471,US
tt0258000,US
tt0838221,US
tt0461770,US
tt0127536,US
tt0414055,GB
tt0891527,US
tt0389722,NZ
tt0389722,US
tt0443680,CA
tt0443680,GB
tt0443680,US
tt0107211,US
tt0118972,US
tt0110322,US
tt0329575,US
tt0355295,CZ
tt0355295,GB
tt0355295,US
tt0086837,US
tt0119173,US
tt0476964,US
tt0358135,US
tt0369735,US
tt0369735,DE
tt0431197,DE
tt0431197,US
tt0414387,FR
tt0414387,GB
tt0414387,US
tt0783233,GB
tt0783233,FR
tt0783233,US
tt0160127,US
tt0795461,US
tt0362120,US
tt0306047,US
tt0420332,IN
tt0257106,CA
tt0257106,US
tt0219854,US
tt0134084,US
tt0120082,US
tt0077413,GB
tt0061955,FR
tt0061955,IT
tt0038109,US
tt0959337,GB
tt0959337,US
tt0257044,US
tt0465602,US
tt0221027,US
tt0293662,US
tt0293662,FR
tt0096933,US
tt0247199,US
tt0094721,US
tt0372588,DE
tt0372588,US
tt0207201,US
tt0090887,US
tt0121164,US
tt0368794,US
tt0469623,US
tt0418689,US
tt0120577,US
tt0481141,AU
tt0481141,US
tt0080745,US
tt0130018,US
tt0119345,US
tt0117438,US
tt0481369,DE
tt0481369,US
tt0110907,US
tt0824747,US
tt0116191,US
tt0762107,US
tt0141926,FR
tt0141926,US
tt0025878,US
tt0096463,US
tt0114781,US
tt0405296,US
tt0411061,US
tt0059825,FR
tt0059825,US
tt0780571,US
tt0037913,US
tt0433383,FR
tt0433383,JP
tt0433383,GB
tt0433383,US
tt0266308,JP
tt0072684,GB
tt0072684,US
tt0219965,US
tt0280486,US
tt0217505,US
tt0217505,IT
tt0046303,US
tt0307596,GB
tt0307596,NL
tt0430912,DE
tt0430912,GB
tt0430912,US
tt0040897,US
tt0040724,US
tt0031679,US
tt0027125,US
tt0024034,US
tt0062430,US
tt0118998,US
tt0109040,US
tt0403358,RU
tt0109836,GB
tt0109836,JP
tt0109836,US
tt0120684,GB
tt0120684,US
tt0450385,US
tt0066601,US
tt0083001,US
tt0061523,GB
tt0097428,US
tt0416508,GB
tt0416508,US
tt0427327,GB
tt0427327,US
tt0762114,AU
tt0762114,US
tt0116313,US
tt0101393,US
tt0101272,US
tt0138304,US
tt0119822,US
tt0048960,US
tt0309698,US
tt0398375,US
tt0296572,US
tt0110950,US
tt0134847,US
tt0109447,US
tt0252866,US
tt0043278,US
tt0080365,US
tt0268126,US
tt0096754,US
tt0257360,US
tt0179626,DE
tt0179626,US
tt0413099,US
tt0104850,FR
tt0104850,US
tt0286106,US
tt0178868,JP
tt0086993,US
tt0086993,GB
tt0162661,DE
tt0162661,US
tt0118929,AU
tt0118929,US
tt0251736,US
tt0161081,US
tt0113409,US
tt0424136,US
tt0119174,US
tt0313737,AU
tt0313737,US
tt0118954,US
tt0265349,US
tt0111255,PE
tt0111255,US
tt0122459,US
tt0090660,US
tt0088161,US
tt0095253,US
tt0098554,US
tt0100201,US
tt0338427,US
tt0236784,IE
tt0236784,US
tt0338751,US
tt0371246,US
tt0440963,DE
tt0440963,US
tt0372183,DE
tt0372183,US
tt0258463,US
tt0258463,DE
tt0258463,CZ
tt0093779,US
tt0449010,GB
tt0449010,US
tt0449010,HU
tt0499448,CZ
tt0499448,PL
tt0499448,SI
tt0499448,US
tt0102005,US
tt0106761,US
tt0059245,US
tt0463872,BE
tt0463872,FR
tt0463872,DE
tt0463872,IT
tt0463872,ES
tt0065112,US
tt0195234,FR
tt0195234,GB
tt0386032,US
tt0490204,US
tt0295721,FR
tt0472126,US
tt0095593,US
tt0116253,US
tt0442933,US
tt0494238,DE
tt0494238,GB
tt0494238,US
tt0117705,US
tt0424345,US
tt0261392,US
tt0113749,US
tt0099871,US
tt0159365,US
tt0159365,GB
tt0159365,RO
tt0159365,IT
tt0376541,US
tt0094737,US
tt0182789,DE
tt0182789,US
tt0144214,DE
tt0144214,US
tt0486655,IS
tt0486655,GB
tt0486655,US
tt0409904,RU
tt0385752,GB
tt0385752,US
tt0401711,FR
tt0985699,DE
tt0985699,US
tt0765443,GB
tt0765443,US
tt0765443,CA
tt0250797,US
tt0466816,GB
tt0097257,GB
tt0097257,US
tt0450232,US
tt0450232,DE
tt0246464,US
tt0365830,US
tt0221218,US
tt0243655,US
tt0111282,FR
tt0111282,US
tt0118771,US
tt0163579,US
tt0060397,US
tt0055608,US
tt0120738,US
tt0184858,US
tt0106453,DE
tt0106453,US
tt0087089,US
tt0118887,US
tt0271027,FR
tt0271027,US
tt0268695,US
tt0177971,US
tt0109456,US
tt0183505,US
tt0327247,US
tt0099371,US
tt0119488,US
tt0313443,US
tt0173840,JP
tt0173840,US
tt0120784,US
tt0120812,US
tt0307479,US
tt0272020,US
tt0091828,US
tt0107983,GB
tt0107983,US
tt0113972,US
tt0165929,US
tt0373883,US
tt0458525,US
tt0116324,US
tt0102900,US
tt0190138,CA
tt0190138,US
tt0183523,US
tt0382932,US
tt0368891,US
tt0218922,FR
tt0218922,US
tt0316356,US
tt0343818,US
tt0343818,DE
tt0219699,US
tt0410297,US
tt0164334,CA
tt0164334,DE
tt0164334,US
tt0139654,AU
tt0139654,US
tt0340163,DE
tt0340163,US
tt0187393,DE
tt0187393,US
tt0317648,US
tt0317648,MA
tt0280590,US
tt0120596,US
tt0107076,US
tt0209475,US
tt0444182,DZ
tt0444182,FR
tt0444182,MA
tt0444182,BE
tt0880502,DE
tt0880502,TR
tt0401383,FR
tt0401383,US
tt1032846,BE
tt1032846,RO
tt0105417,US
tt0498399,US
tt0338512,FR
tt0338512,GB
tt0325703,US
tt0325703,DE
tt0325703,JP
tt0325703,GB
tt0146316,US
tt1028528,US
tt0765120,CN
tt0765120,FR
tt0765120,HK
tt0829459,FR
tt0829459,GB
tt0829459,PK
tt0829459,US
tt0387131,CN
tt0387131,DE
tt0387131,GB
tt0387131,US
tt0486576,DE
tt0486576,GB
tt0486576,US
tt1053859,US
tt0433386,US
tt0416496,US
tt0416496,FR
tt0416496,MX
tt0346491,FR
tt0346491,DE
tt0346491,IT
tt0346491,NL
tt0346491,GB
tt0346491,US
tt0120787,US
tt0489235,US
tt0278435,US
tt0080678,GB
tt0080678,US
tt0289879,CA
tt0289879,US
tt0342735,DK
tt0342735,FR
tt0342735,DE
tt0342735,IT
tt0342735,NL
tt0342735,SE
tt0342735,GB
tt0443706,US
tt0479884,US
tt0350261,US
tt0350261,DE
tt0120907,CA
tt0120907,FR
tt0120907,GB
tt0110638,US
tt0053804,US
tt0037008,US
tt0775539,US
tt0948470,US
tt0286716,US
tt0078346,GB
tt0078346,US
tt0105665,US
tt0230838,US
tt0369702,ES
tt0369702,FR
tt0369702,IT
tt0120657,US
tt0112883,US
tt0163978,GB
tt0163978,US
tt0397535,US
tt0259711,US
tt0125659,ES
tt0181865,DE
tt0181865,US
tt0121766,US
tt0121765,US
tt0120915,US
tt0422720,FR
tt0422720,US
tt0422720,JP
tt0104797,US
tt0087985,US
tt0120669,US
tt1298650,US
tt0031725,US
tt0418279,US
tt0092106,US
tt0469641,US
tt0125664,US
tt0137494,GB
tt0137494,US
tt0072973,US
tt0294870,US
tt0120655,US
tt0156841,US
tt0399295,FR
tt0399295,US
tt0399295,DE
tt0409184,FR
tt0409184,GB
tt0093692,US
tt0343660,US
tt0463034,US
tt0183649,US
tt0118971,DE
tt0118971,US
tt0162710,US
tt0363589,US
tt0338466,US
tt0254686,AT
tt0254686,FR
tt0087277,US
tt0109370,CA
tt0109370,US
tt0458339,US
tt0117039,IE
tt0117039,GB
tt0435705,US
tt0859163,DE
tt0859163,US
tt0209163,US
tt0865556,CN
tt0865556,US
tt0371746,US
tt0055614,US
tt0800080,US
tt0238112,GB
tt0238112,US
tt0238112,FR
tt0405676,US
tt0124315,US
tt0102175,US
tt0049261,US
tt0069768,US
tt0118880,US
tt0100157,US
tt0089885,US
tt0498353,US
tt0107426,FR
tt0107426,IT
tt0107426,LI
tt0107426,GB
tt0068408,US
tt0067065,US
tt0065462,US
tt0444682,US
tt0350258,US
tt0099810,US
tt0386140,MX
tt0386140,US
tt0061578,GB
tt0061578,US
tt0096928,US
tt0463998,DE
tt0463998,US
tt0117913,US
tt0113957,US
tt0141098,US
tt0120179,US
tt0230030,US
tt0399201,US
tt0106965,FR
tt0106965,US
tt0095647,US
tt0117318,US
tt0056663,FR
tt0119528,US
tt0086465,US
tt0465494,FR
tt0465494,US
tt0202677,US
tt0106489,US
tt0101540,US
tt0212338,US
tt0477347,US
tt0477347,GB
tt0117381,US
tt0204946,US
tt0108550,US
tt0363988,US
tt0038650,US
tt0332379,DE
tt0332379,US
tt0457939,GB
tt0457939,US
tt0040746,US
tt0472043,US
tt0081398,US
tt0318627,GB
tt0318627,US
tt0318627,DE
tt0318627,FR
tt0318627,CA
tt0120804,FR
tt0120804,DE
tt0120804,GB
tt0120804,US
tt0299658,US
tt0099423,US
tt0112864,US
tt0337978,GB
tt0337978,US
tt0463854,ES
tt0463854,GB
tt0283900,FR
tt0099582,US
tt0093437,US
tt0151804,US
tt0103074,US
tt0369339,US
tt0264472,US
tt0266987,GB
tt0266987,US
tt0446013,US
tt0455590,GB
tt0455590,DE
tt0455590,US
tt0108308,HK
tt0108308,US
tt0103060,HK
tt0103060,US
tt0101615,US
tt0320661,DE
tt0320661,MA
tt0320661,ES
tt0320661,GB
tt0320661,US
tt0212346,US
tt0103594,FR
tt0103594,CR
tt0103594,ES
tt0103594,GB
tt0103594,US
tt0443543,CZ
tt0443543,US
tt0167190,US
tt0052311,US
tt0348150,US
tt0159097,US
tt0445946,BG
tt0445946,US
tt0404203,US
tt0256009,ES
tt0256009,MX
tt0310793,US
tt0307901,US
tt0285823,US
tt0396171,ES
tt0396171,DE
tt0396171,FR
tt0407887,HK
tt0407887,US
tt0457430,ES
tt0457430,US
tt0457430,MX
tt0320244,NL
tt0320244,US
tt0102757,US
tt0112760,FR
tt0112760,DE
tt0112760,IT
tt0112760,US
tt0101587,US
tt0454921,US
tt0245574,MX
tt0120780,US
tt0414993,US
tt0458242,FI
tt0367027,US
tt0100507,US
tt0089927,US
tt0450259,DE
tt0450259,US
tt0095956,US
tt0089880,US
tt0083944,US
tt0120679,MX
tt0120679,US
tt0120679,CA
tt0144084,CA
tt0144084,US
tt0309987,FR
tt0309987,IT
tt0309987,GB
tt0453556,US
tt0448134,GB
tt0448134,US
tt0416449,US
tt0453451,GB
tt0453451,US
tt0453451,FR
tt0453451,DE
tt0396555,US
tt0421073,US
tt0398808,US
tt0420223,US
tt0465551,GB
tt0468492,KR
tt0498380,JP
tt0498380,US
tt0259324,US
tt0259324,AU
tt0367959,GB
tt0367959,CZ
tt0367959,FR
tt0367959,IT
tt0343737,US
tt0479143,US
tt0107943,GB
tt0107943,US
tt0134119,US
tt0436697,FR
tt0436697,IT
tt0436697,GB
tt0436697,US
tt0449467,FR
tt0449467,JP
tt0449467,MX
tt0449467,US
tt0056241,US
tt0443489,US
tt0482571,US
tt0460989,IE
tt0460989,GB
tt0460989,DE
tt0460989,IT
tt0460989,ES
tt0460989,FR
tt0460989,BE
tt0460989,CH
tt0082340,US
tt0084787,US
tt0139809,US
tt0102685,US
tt0298228,NZ
tt0110005,NZ
tt0166924,FR
tt0166924,US
tt0036775,US
tt0031971,US
tt0067800,GB
tt0067800,US
tt0054997,US
tt0078966,US
tt0066999,US
tt0056218,US
tt0120102,US
tt0054331,US
tt0054047,US
tt0033870,US
tt0015864,US
tt0094012,US
tt0317919,CN
tt0317919,DE
tt0317919,US
tt0120755,DE
tt0120755,US
tt0117060,US
tt0351283,US
tt0438097,US
tt0113277,US
tt0056172,GB
tt0122151,US
tt0104714,US
tt0097733,US
tt0093409,US
tt0057012,GB
tt0057012,US
tt0120685,US
tt0099700,US
tt0177789,US
tt0097216,US
tt0363547,US
tt0352248,US
tt0317219,US
tt0092666,US
tt0062765,US
tt0032553,US
tt0155267,US
tt0061512,US
tt0112682,FR
tt0112682,DE
tt0112682,ES
tt0021749,US
tt0055798,US
tt0101700,FR
tt0074119,US
tt0158622,US
tt0109813,US
tt0104257,US
tt0102057,US
tt0060665,GB
tt0088939,US
tt0045152,US
tt0063442,US
tt0133152,US
tt0468565,ZA
tt0108162,US
tt0308644,GB
tt0308644,US
tt0093894,US
tt0120363,US
tt0100802,US
tt0086567,US
tt0094947,GB
tt0094947,US
tt0120815,US
tt0096438,US
tt0265086,GB
tt0265086,US
tt0215750,IE
tt0215750,US
tt0215750,DE
tt0215750,GB
tt0085811,ES
tt0085811,GB
tt0085811,IT
tt0085811,US
tt0082288,GB
tt0096446,US
tt0120902,CA
tt0120902,US
tt0044079,US
tt0212712,DE
tt0212712,HK
tt0212712,CN
tt0212712,FR
tt0212712,IT
tt0087182,US
tt0086541,CA
tt0401855,US
tt0049223,US
tt0071315,US
tt0050212,GB
tt0050212,US
tt0145734,US
tt0203009,AU
tt0203009,US
tt0055031,DE
tt0055031,US
tt0102138,US
tt0117665,US
tt0295178,US
tt0145660,US
tt0118655,DE
tt0118655,US
tt0082010,GB
tt0082010,US
tt0413267,US
tt0298148,US
tt0126029,US
tt0114369,US
tt0466909,US
tt0046250,US
tt0056193,GB
tt0056193,US
tt0093105,US
tt0139134,US
tt0120632,US
tt0120632,DE
tt0090756,US
tt0432291,CA
tt0356910,US
tt0181875,US
tt0083987,IN
tt0083987,GB
tt0119177,US
tt0099685,US
tt0120681,CZ
tt0120681,GB
tt0417741,GB
tt0417741,US
tt0092991,US
tt0103873,NZ
tt0116367,US
tt0119094,US
tt0434409,DE
tt0434409,GB
tt0434409,US
tt0365748,GB
tt0365748,US
tt0365748,FR
tt0093389,FR
tt0093389,CN
tt0093389,GB
tt0093389,IT
tt0120347,GB
tt0120347,US
tt0181536,US
tt0113189,GB
tt0113189,US
tt0097742,GB
tt0097742,US
tt0093428,GB
tt0093428,US
tt0090264,FR
tt0090264,IS
tt0090264,GB
tt0090264,US
tt0042192,US
tt0075686,US
tt0044081,US
tt0086034,GB
tt0086034,US
tt0082398,GB
tt0082398,US
tt0079574,FR
tt0079574,GB
tt0079574,US
tt0081505,US
tt0081505,GB
tt0290002,US
tt0112579,US
tt0112818,US
tt0112818,GB
tt0118884,US
tt0090605,GB
tt0090605,US
tt0213149,US
tt0373889,GB
tt0373889,US
tt0330373,GB
tt0330373,US
tt0304141,GB
tt0304141,US
tt0295297,DE
tt0295297,GB
tt0295297,US
tt0241527,GB
tt0241527,US
tt0364569,KR
tt0140888,BR
tt0052618,US
tt0117998,US
tt0087884,DE
tt0087884,FR
tt0087884,GB
tt0087884,US
tt0332452,US
tt0332452,MT
tt0332452,GB
tt0101507,US
tt0212720,US
tt0180093,US
tt0264464,US
tt0098635,US
tt0116922,US
tt0066434,US
tt0092563,US
tt0114814,US
tt0110148,US
tt0117951,GB
tt0087553,GB
tt0095159,GB
tt0095159,US
tt0142688,FR
tt0142688,PT
tt0142688,ES
tt0087332,US
tt0120890,US
tt0325710,JP
tt0325710,US
tt0325710,NZ
tt0363163,AT
tt0363163,DE
tt0363163,IT
tt0408306,CA
tt0408306,US
tt0408306,FR
tt0120912,US
tt0119654,US
tt0089755,US
tt0242653,US
tt0242653,AU
tt0234215,AU
tt0234215,US
tt0133093,AU
tt0133093,US
tt0093058,GB
tt0093058,US
tt0043014,US
tt0317248,BR
tt0317248,FR
tt0120338,US
tt0056592,US
tt0362227,US
tt0071360,US
tt0382625,US
tt0382625,MT
tt0382625,FR
tt0382625,GB
tt0274558,US
tt0384537,CA
tt0384537,FR
tt0384537,JP
tt0384537,US
tt0319061,US
tt0120885,US
tt0198781,US
tt0322259,US
tt0079470,GB
tt0093300,US
tt0077766,US
tt0114681,US
tt0065214,US
tt0049470,US
tt0068611,GB
tt0056869,US
tt0112384,US
tt0298130,JP
tt0298130,US
tt0120616,US
tt0120201,US
tt0095016,US
tt0360486,DE
tt0360486,US
tt0413300,US
tt0316654,US
tt0145487,US
tt0276919,DK
tt0276919,FI
tt0276919,FR
tt0276919,DE
tt0276919,IT
tt0276919,NL
tt0276919,NO
tt0276919,SE
tt0276919,GB
tt0137523,DE
tt0137523,US
tt0115632,US
tt0042876,JP
tt0119314,US
tt0438488,DE
tt0438488,IT
tt0438488,GB
tt0438488,US
tt0312004,GB
tt0312004,US
tt0089457,US
tt0080455,US
tt0112641,FR
tt0112641,US
tt0109707,US
tt0046912,US
tt0457513,GB
tt0125439,GB
tt0125439,US
tt0314331,GB
tt0314331,US
tt0110265,FR
tt0110265,US
tt0058329,US
tt0097626,US
tt0340855,US
tt0409182,US
tt0120689,US
tt0070679,US
tt0069257,US
tt0120601,US
tt0043265,GB
tt0043265,US
tt0100935,US
tt0067741,US
tt0162650,DE
tt0162650,US
tt0097240,US
tt0315733,US
tt0195685,US
tt0268978,US
tt0154421,DK
tt0154421,FR
tt0154421,DE
tt0154421,IT
tt0154421,NL
tt0154421,SE
tt0219822,US
tt0758730,US
tt0319262,US
tt0123755,CA
tt0055256,US
tt0060196,US
tt0060196,IT
tt0060196,ES
tt0060196,DE
tt0268380,US
tt0253474,FR
tt0253474,DE
tt0253474,PL
tt0253474,GB
tt0362270,US
tt0118688,GB
tt0118688,US
tt0112462,GB
tt0112462,US
tt0363771,GB
tt0363771,US
tt0116209,GB
tt0116209,US
tt0103772,FR
tt0103772,US
tt0114660,US
tt0379725,CA
tt0379725,US
tt0061184,US
tt0370263,CA
tt0370263,CZ
tt0370263,DE
tt0370263,GB
tt0370263,US
tt0378194,US
tt0241303,GB
tt0241303,US
tt0050083,US
tt0454848,US
tt0082096,DE
tt0048728,US
tt0100150,US
tt0093822,US
tt0103776,GB
tt0103776,US
tt0458352,US
tt0078748,US
tt0078748,GB
tt0047478,JP
tt0120663,GB
tt0120663,US
tt0404030,US
tt0102536,DE
tt0102536,FI
tt0102536,FR
tt0102536,GB
tt0102536,US
tt0064116,IT
tt0064116,ES
tt0064116,US
tt0175880,US
tt0163025,US
tt0119567,US
tt0222851,GB
tt0222851,JP
tt0222851,US
tt0417148,US
tt0327056,US
tt0330602,CA
tt0278504,US
tt0108399,US
tt0327554,US
tt0448124,CA
tt0448124,GB
tt0315327,US
tt0412019,FR
tt0412019,US
tt0109254,US
tt0324133,FR
tt0324133,GB
tt0354899,FR
tt0354899,IT
tt0496806,US
tt0119643,US
tt0181852,DE
tt0181852,GB
tt0181852,US
tt0089015,US
tt0425598,US
tt0389326,FR
tt0389326,US
tt0101410,GB
tt0101410,US
tt0094812,US
tt0449088,US
tt0053604,US
tt0114558,US
tt0103064,FR
tt0103064,US
tt0086879,US
tt0111161,US
tt0320691,DE
tt0320691,HU
tt0320691,GB
tt0320691,US
tt0116282,US
tt0372784,GB
tt0372784,US
tt0057345,FR
tt0057345,IT
tt0051459,US
tt0380599,CZ
tt0380599,FR
tt0380599,IT
tt0380599,GB
tt0360717,NZ
tt0360717,US
tt0360717,DE
tt0067992,US
tt0055312,US
tt0276751,GB
tt0276751,US
tt0146882,GB
tt0146882,US
tt0099674,IT
tt0099674,US
tt0110632,US
tt0071562,US
tt0053291,US
tt0289635,FR
tt0289635,GB
tt0110598,AU
tt0110598,FR
tt0092005,US
tt0086216,US
tt0365737,US
tt0086066,US
tt0171804,US
tt0032976,US
tt0441909,ES
tt0367882,US
tt0053125,US
tt0395169,CA
tt0395169,GB
tt0395169,US
tt0395169,IT
tt0395169,ZA
tt0070379,US
tt0253754,US
tt0120844,US
tt0117731,US
tt0112573,US
tt0099088,US
tt0111280,US
tt0091605,FR
tt0091605,IT
tt0091605,DE
tt0458481,US
tt0401792,US
tt0425210,DE
tt0425210,US
tt0119396,US
tt0098663,US
tt0452624,US
tt0181689,US
tt0373926,FR
tt0373926,DE
tt0373926,GB
tt0373926,US
tt0101889,US
tt0102975,US
tt0046672,US
tt0098382,US
tt0100403,US
tt0092007,US
tt0272152,DE
tt0272152,GB
tt0272152,US
tt0096874,US
tt0054698,US
tt0349903,US
tt0099487,US
tt0240772,US
tt0088170,US
tt0468569,GB
tt0468569,US
tt0084726,US
tt0079945,US
tt0083511,US
tt0094625,JP
tt0093191,DE
tt0093191,FR
tt0246578,US
tt0275491,ES
tt0021814,US
tt0107048,US
tt0190590,FR
tt0190590,GB
tt0190590,US
tt0119698,JP
tt0077869,US
tt0120737,NZ
tt0120737,US
tt0367594,AU
tt0367594,GB
tt0367594,US
tt0094226,US
tt0416320,IE
tt0416320,LU
tt0416320,RU
tt0416320,GB
tt0416320,US
tt0118715,GB
tt0118715,US
tt0086250,US
tt0208092,GB
tt0208092,US
tt0093773,US
tt0130827,DE
tt0110413,FR
tt0110413,US
tt0120735,GB
tt0185125,ES
tt0185125,FR
tt0172495,GB
tt0172495,US
tt0084827,US
tt0120591,US
tt0097576,US
tt0430357,UY
tt0430357,US
tt0430357,DE
tt0430357,PY
tt0087544,JP
tt0381681,US
tt0299977,CN
tt0083658,US
tt0083658,HK
tt0083658,GB
tt0209144,US
tt0112471,AT
tt0112471,CH
tt0112471,US
tt0116996,US
tt0407304,US
tt0120586,US
tt0405159,US
tt0358273,DE
tt0358273,US
tt0118548,US
tt0298203,US
tt0287467,ES
tt0114746,US
tt0062622,US
tt0062622,GB
tt0399146,US
tt0399146,CA
tt0399146,DE
tt0383574,US
tt0338013,US
tt0462538,US
tt0078788,US
tt0411705,GB
tt0418763,DE
tt0418763,US
tt0266697,US
tt0325980,US
tt0017136,DE
tt0119116,FR
tt0168629,AR
tt0168629,DK
tt0168629,FI
tt0168629,FR
tt0168629,DE
tt0168629,IS
tt0168629,IT
tt0168629,NL
tt0168629,NO
tt0168629,SE
tt0168629,GB
tt0168629,US
tt0113101,US
