imdb_id,avg_rating,vote_count
tt0005078,6.5,2933
tt0012349,8.2,140286
tt0013140,7.0,4197
tt0015400,7.7,7305
tt0015864,8.1,123007
tt0016473,7.1,2390
tt0016641,7.8,8121
tt0016884,7.6,4782
tt0017136,8.3,193100
tt0017423,7.3,1586
tt0018183,7.4,982
tt0018618,6.2,1229
tt0019563,7.2,2045
tt0020960,7.3,6263
tt0021749,8.5,205677
tt0021814,7.4,61821
tt0022958,7.3,21558
tt0023196,6.5,4053
tt0023876,5.8,6272
tt0024034,7.3,13405
tt0024481,7.5,8921
tt0025617,6.5,1807
tt0025878,7.9,33680
tt0026071,7.0,5938
tt0026529,7.4,7491
tt0026752,7.6,25674
tt0027125,7.7,21362
tt0027438,7.0,5638
tt0027690,5.6,1432
tt0027948,6.3,2886
tt0028216,7.1,6350
tt0028333,7.5,15066
tt0029843,7.9,55990
tt0029852,6.8,2391
tt0030993,7.8,29140
tt0031679,8.1,125251
tt0031725,7.8,23806
tt0031971,7.8,56173
tt0032143,7.7,15465
tt0032273,7.0,3988
tt0032553,8.4,247684
tt0032976,8.1,153954
tt0033563,7.2,146407
tt0033729,7.7,27718
tt0033870,7.9,170479
tt0034248,7.3,44490
tt0034746,7.0,4005
tt0034902,5.9,2832
tt0035703,7.1,3625
tt0035884,7.3,7268
tt0035959,6.9,3048
tt0036628,6.4,1995
tt0036775,8.3,173849
tt0037008,7.9,53537
tt0037465,6.3,1775
tt0037884,7.9,41600
tt0037913,7.9,29872
tt0038057,7.7,20207
tt0038109,7.5,54253
tt0038213,7.3,2455
tt0038499,6.7,9893
tt0038650,8.6,525054
tt0039416,7.2,18392
tt0040064,7.0,11098
tt0040369,7.4,20469
tt0040522,8.2,184070
tt0040597,6.8,1205
tt0040694,6.8,5845
tt0040724,7.7,36070
tt0040746,7.9,159801
tt0040897,8.2,136674
tt0041838,6.8,9343
tt0041841,7.0,11794
tt0041866,7.2,20061
tt0042192,8.2,143764
tt0042200,6.9,5468
tt0042876,8.2,188241
tt0043014,8.4,247432
tt0043116,6.1,350
tt0043265,7.7,86519
tt0043278,7.1,38000
tt0043338,8.1,40626
tt0043949,7.1,17492
tt0044030,6.8,5541
tt0044079,7.9,145107
tt0044081,7.9,116979
tt0044177,5.7,374
tt0044672,6.5,16644
tt0045125,7.5,6601
tt0045152,8.3,270964
tt0046126,7.0,20933
tt0046247,6.7,12150
tt0046250,8.0,151883
tt0046303,7.6,45839
tt0046435,7.0,7906
tt0046534,7.0,39873
tt0046672,7.2,38665
tt0046912,8.2,196699
tt0046949,6.5,4672
tt0046969,5.3,1690
tt0047437,7.6,72849
tt0047478,8.6,381832
tt0047494,4.6,1850
tt0047849,7.7,25160
tt0048356,7.7,28567
tt0048728,7.4,83217
tt0048750,7.0,42593
tt0048960,6.7,30768
tt0049223,7.5,55173
tt0049261,7.6,43638
tt0049408,7.4,28620
tt0049452,6.2,4891
tt0049470,7.4,72267
tt0049513,7.3,23008
tt0049778,7.5,9315
tt0049833,7.9,80098
tt0049875,6.8,5478
tt0049934,6.7,11224
tt0050083,9.0,917634
tt0050212,8.1,240587
tt0050629,6.1,4038
tt0051201,8.4,148665
tt0051207,7.4,33180
tt0051380,5.1,6598
tt0051459,7.9,55099
tt0051622,7.1,26683
tt0052225,6.8,10432
tt0052311,7.9,112200
tt0052618,8.1,261554
tt0053125,8.3,358943
tt0053131,7.5,12145
tt0053285,7.2,165993
tt0053290,6.1,3959
tt0053291,8.2,293437
tt0053580,6.8,18563
tt0053604,8.3,207597
tt0053716,5.9,3891
tt0053793,7.7,13617
tt0053804,6.7,12043
tt0053925,6.9,16388
tt0054047,7.7,106188
tt0054167,7.6,41709
tt0054331,7.9,147325
tt0054698,7.5,197876
tt0054953,7.5,57321
tt0054997,7.9,88630
tt0055031,8.3,90513
tt0055047,7.0,9349
tt0055184,7.2,24376
tt0055256,7.8,23712
tt0055257,7.1,14163
tt0055279,6.5,1276
tt0055304,7.0,17409
tt0055312,7.1,8342
tt0055572,7.3,19736
tt0055608,6.0,6848
tt0055614,7.6,124291
tt0055798,7.8,20291
tt0055946,2.3,6234
tt0056085,7.1,24285
tt0056172,8.3,327370
tt0056193,7.5,112008
tt0056197,7.7,60933
tt0056217,8.1,85295
tt0056218,7.9,82254
tt0056241,8.1,21298
tt0056264,7.2,18558
tt0056592,8.3,341913
tt0056663,7.8,36302
tt0056800,6.7,7707
tt0056869,7.6,212101
tt0056923,7.8,89246
tt0056937,7.0,39018
tt0057007,6.7,10154
tt0057012,8.3,535729
tt0057115,8.2,266851
tt0057163,7.8,24882
tt0057193,7.5,48199
tt0057345,7.4,37269
tt0057449,6.5,14322
tt0057546,7.1,109987
tt0057869,7.6,27905
tt0058085,6.7,10686
tt0058329,7.1,55951
tt0058385,7.7,104593
tt0058404,7.6,13546
tt0058777,7.7,44307
tt0058946,8.1,70337
tt0059127,6.6,11353
tt0059243,7.2,20647
tt0059245,6.6,12396
tt0059418,6.7,9141
tt0059573,8.0,9873
tt0059797,7.0,9500
tt0059825,7.8,20410
tt0060196,8.8,847548
tt0060397,6.8,21626
tt0060490,6.8,11448
tt0060491,6.5,3803
tt0060665,7.7,38490
tt0060934,7.5,17121
tt0061107,6.6,30496
tt0061184,8.0,82134
tt0061452,5.0,33592
tt0061512,8.0,193882
tt0061523,6.1,7259
tt0061578,7.7,81382
tt0061584,6.2,10631
tt0061619,7.5,31879
tt0061747,7.0,45511
tt0061770,7.4,14539
tt0061809,7.9,30530
tt0061955,7.2,10804
tt0062138,7.3,24584
tt0062430,6.0,10203
tt0062467,7.7,35027
tt0062622,8.3,749025
tt0062711,5.9,39147
tt0062765,7.4,78476
tt0062794,6.9,7503
tt0062994,7.4,26182
tt0063035,5.6,14244
tt0063385,7.4,42877
tt0063442,8.0,204015
tt0063592,5.6,3641
tt0063642,6.4,2327
tt0064116,8.5,365753
tt0064406,5.7,639
tt0064418,7.0,17650
tt0064782,6.6,15469
tt0065054,6.9,7233
tt0065112,6.2,20342
tt0065207,7.6,65201
tt0065214,7.9,92677
tt0065446,7.2,10909
tt0065462,6.0,55597
tt0065528,7.1,27304
tt0065938,7.6,56039
tt0065988,7.5,38883
tt0066090,6.8,4488
tt0066115,4.5,3583
tt0066206,7.9,110765
tt0066249,7.0,14050
tt0066434,6.6,56070
tt0066473,7.5,38442
tt0066549,7.3,13443
tt0066601,6.9,17650
tt0066769,7.2,41864
tt0066808,6.9,38751
tt0066817,7.1,41928
tt0066826,6.3,2347
tt0066999,7.7,174215
tt0067065,6.3,42855
tt0067093,8.0,49641
tt0067741,6.6,21882
tt0067800,7.4,66205
tt0067992,7.8,235857
tt0068408,6.1,38975
tt0068421,7.4,16544
tt0068555,6.7,42685
tt0068611,7.4,51152
tt0068699,7.4,67046
tt0069257,6.0,3735
tt0069768,5.4,36502
tt0069976,6.9,6122
tt0070165,6.5,3931
tt0070379,7.2,123605
tt0070511,8.0,141773
tt0070518,7.2,22199
tt0070608,7.5,143876
tt0070666,7.7,140217
tt0070679,5.9,3337
tt0070707,7.1,45584
tt0071315,8.1,363054
tt0071360,7.7,129401
tt0071402,6.9,45788
tt0071562,9.0,1420450
tt0071577,6.4,27502
tt0072081,7.0,30913
tt0072226,6.7,20444
tt0072308,7.0,50130
tt0072665,5.3,1463
tt0072684,8.1,191749
tt0072761,5.7,3347
tt0072973,7.0,10196
tt0073092,7.2,12759
tt0073312,7.6,42140
tt0073317,5.2,1427
tt0073812,6.6,23440
tt0074119,7.9,130594
tt0074174,7.3,26097
tt0074279,5.5,5486
tt0074483,6.7,51038
tt0074512,6.8,25710
tt0074706,6.1,1517
tt0074751,6.0,36841
tt0074812,6.8,63072
tt0074860,7.4,72398
tt0074958,8.1,178080
tt0075029,7.8,82817
tt0075066,7.1,33143
tt0075223,6.9,22561
tt0075268,5.6,5291
tt0075648,5.8,13012
tt0075686,7.9,283302
tt0075784,7.4,64262
tt0075909,5.3,6091
tt0076009,3.8,29499
tt0076070,6.4,26090
tt0076141,6.6,24549
tt0076263,7.2,7794
tt0076299,6.9,11564
tt0076504,5.8,13948
tt0076716,6.4,9052
tt0076740,7.7,30544
tt0076809,3.8,4748
tt0076929,6.3,13600
tt0077369,6.3,19814
tt0077394,6.2,38557
tt0077413,7.3,42025
tt0077416,8.1,373698
tt0077530,6.2,12940
tt0077572,6.4,20480
tt0077588,6.3,18073
tt0077745,7.4,75316
tt0077766,5.8,87612
tt0077869,6.2,37668
tt0078346,7.4,195158
tt0078444,7.2,6389
tt0078480,7.5,41207
tt0078504,5.6,18114
tt0078723,5.8,37440
tt0078740,4.5,7236
tt0078748,8.5,1009534
tt0078788,8.4,737680
tt0078869,5.9,28985
tt0078902,7.7,26468
tt0078966,7.4,34390
tt0079116,7.6,154404
tt0079180,6.3,11915
tt0079336,7.3,10509
tt0079470,8.0,427885
tt0079574,6.3,112361
tt0079576,5.4,5261
tt0079758,5.6,6536
tt0079826,7.0,9547
tt0079945,6.4,99243
tt0080024,6.4,3831
tt0080120,7.5,114950
tt0080360,6.9,40034
tt0080365,6.3,30829
tt0080388,7.3,18852
tt0080421,5.5,10791
tt0080437,7.1,22080
tt0080455,7.9,221079
tt0080487,7.2,130611
tt0080491,5.3,40010
tt0080549,7.5,21205
tt0080661,7.1,52207
tt0080678,8.2,271129
tt0080745,6.5,63693
tt0080771,3.7,3569
tt0080855,6.7,18184
tt0080881,6.2,5416
tt0081071,6.9,13826
tt0081398,8.1,393593
tt0081439,5.7,1613
tt0081455,6.7,64372
tt0081505,8.4,1159711
tt0081554,7.2,24484
tt0081573,6.8,118471
tt0081633,6.9,71472
tt0081698,6.7,17624
tt0081747,4.6,3391
tt0081777,5.4,16053
tt0081974,6.9,15837
tt0082005,5.8,982
tt0082010,7.5,127736
tt0082085,7.4,68994
tt0082096,8.4,278001
tt0082136,6.2,41689
tt0082186,6.9,49247
tt0082198,6.9,167536
tt0082242,6.5,15733
tt0082288,6.6,20760
tt0082340,7.1,164720
tt0082348,7.3,69816
tt0082398,6.7,111535
tt0082406,7.2,105829
tt0082432,7.4,43105
tt0082464,6.8,1367
tt0082484,7.3,25170
tt0082497,5.5,6948
tt0082507,4.3,1744
tt0082517,6.8,56691
tt0082525,5.2,1256
tt0082648,4.9,2645
tt0082801,5.5,8941
tt0082817,6.3,22657
tt0082869,6.6,33541
tt0082894,6.5,6502
tt0082948,5.1,4524
tt0082979,7.3,25527
tt0083000,6.6,9987
tt0083001,6.1,4917
tt0083113,5.2,1887
tt0083131,6.8,82441
tt0083169,6.8,21020
tt0083193,7.6,1704
tt0083254,5.3,3132
tt0083284,6.6,34402
tt0083336,6.3,11955
tt0083511,6.9,89050
tt0083542,6.0,7383
tt0083564,6.6,51282
tt0083642,6.1,13885
tt0083658,8.1,850078
tt0083745,7.1,5350
tt0083767,6.8,55229
tt0083791,7.1,74178
tt0083929,7.1,120183
tt0083943,5.9,30217
tt0083944,7.7,287681
tt0083972,5.6,63711
tt0083987,8.0,243459
tt0084021,4.6,39713
tt0084156,5.8,1053
tt0084268,5.1,939
tt0084296,7.2,10401
tt0084472,4.1,3244
tt0084503,8.0,87489
tt0084649,7.5,47316
tt0084684,5.4,7104
tt0084707,7.5,54784
tt0084726,7.7,132235
tt0084749,5.5,8145
tt0084787,8.2,494073
tt0084805,7.4,118176
tt0084827,6.7,132801
tt0084855,7.7,48082
tt0084887,5.0,1617
tt0084917,7.1,29904
tt0085121,6.3,9985
tt0085255,6.4,24215
tt0085271,6.4,13750
tt0085382,6.1,53053
tt0085384,4.3,6974
tt0085407,7.2,80575
tt0085542,6.5,13603
tt0085636,5.2,64134
tt0085750,3.7,50148
tt0085780,5.7,15451
tt0085811,6.1,37616
tt0085862,6.3,14755
tt0085868,4.9,5497
tt0085891,5.3,2677
tt0085936,8.0,16529
tt0085995,7.3,123947
tt0086006,6.1,75049
tt0086034,6.5,116275
tt0086066,7.0,103433
tt0086129,5.0,13113
tt0086154,6.6,33022
tt0086197,7.8,67058
tt0086216,7.1,39538
tt0086250,8.3,957214
tt0086336,6.7,11240
tt0086346,5.5,6928
tt0086361,4.8,18109
tt0086383,6.6,50461
tt0086393,5.0,77321
tt0086405,6.1,885
tt0086429,6.9,7515
tt0086465,7.5,173697
tt0086491,6.4,42864
tt0086541,7.2,108001
tt0086567,7.1,115764
tt0086617,7.1,23785
tt0086619,6.6,16739
tt0086837,6.7,59181
tt0086879,8.4,446113
tt0086927,6.3,43642
tt0086955,3.8,6565
tt0086969,7.2,25803
tt0086984,6.8,41961
tt0086987,3.0,6242
tt0086993,7.0,32626
tt0087003,7.4,27480
tt0087015,5.6,14640
tt0087062,5.5,11304
tt0087078,5.9,87595
tt0087089,6.6,20327
tt0087182,6.3,187261
tt0087262,6.1,38228
tt0087277,6.6,97467
tt0087332,7.8,468326
tt0087344,6.1,7090
tt0087544,8.0,189591
tt0087553,7.8,61370
tt0087597,6.7,47832
tt0087781,7.4,53968
tt0087799,6.3,25485
tt0087884,8.1,130200
tt0087892,7.3,22090
tt0087957,6.5,25207
tt0087968,6.6,5433
tt0087981,6.0,8316
tt0087985,6.3,65787
tt0087995,6.8,43370
tt0088001,4.0,8308
tt0088007,6.3,8124
tt0088011,6.9,107283
tt0088103,4.9,5762
tt0088128,7.0,130996
tt0088146,7.2,11871
tt0088161,6.3,85803
tt0088170,6.6,88244
tt0088172,7.0,54706
tt0088178,8.7,22470
tt0088194,6.7,25819
tt0088206,4.4,24924
tt0088256,5.8,1992
tt0088258,7.9,150992
tt0088286,7.2,76121
tt0088323,7.3,163179
tt0088680,7.6,87627
tt0088814,6.3,42763
tt0088821,6.8,1471
tt0088850,6.5,44716
tt0088930,7.3,115304
tt0088939,7.7,100509
tt0088944,6.7,180778
tt0088993,7.1,76911
tt0089003,5.8,18251
tt0089015,7.1,7803
tt0089017,6.1,27370
tt0089092,6.8,53069
tt0089114,6.4,24429
tt0089155,6.9,59356
tt0089173,4.8,46471
tt0089175,7.0,83764
tt0089218,7.7,310949
tt0089243,4.4,4786
tt0089346,6.4,14173
tt0089370,6.1,64187
tt0089421,5.2,15579
tt0089457,6.9,53079
tt0089461,6.8,18527
tt0089469,6.3,75603
tt0089530,6.2,157588
tt0089603,7.9,15160
tt0089604,5.3,9796
tt0089643,7.0,7412
tt0089686,5.5,81468
tt0089730,5.6,18090
tt0089755,7.1,89128
tt0089791,7.0,60877
tt0089798,4.7,6303
tt0089826,4.8,9491
tt0089853,7.7,56740
tt0089880,6.5,188902
tt0089881,8.2,142455
tt0089885,7.1,74529
tt0089893,5.1,46164
tt0089907,7.3,73045
tt0089908,6.7,32228
tt0089913,5.3,7811
tt0089927,6.9,234240
tt0089941,7.2,34813
tt0089961,6.3,16515
tt0090065,6.5,2670
tt0090095,6.5,16971
tt0090264,6.3,108086
tt0090329,7.4,108618
tt0090350,6.8,18726
tt0090605,8.4,804643
tt0090633,6.9,59771
tt0090660,5.7,13162
tt0090670,6.9,19001
tt0090693,6.2,3390
tt0090728,7.2,159949
tt0090756,7.7,230161
tt0090856,5.1,7236
tt0090863,7.0,96556
tt0090887,6.1,41080
tt0090966,6.2,20660
tt0091064,7.6,213196
tt0091080,6.0,54040
tt0091083,6.6,33055
tt0091129,6.0,61432
tt0091149,7.1,56477
tt0091167,7.8,78739
tt0091187,6.8,50083
tt0091203,7.0,152297
tt0091209,7.2,55821
tt0091217,7.4,53995
tt0091225,4.8,52644
tt0091276,5.5,11262
tt0091344,4.0,7167
tt0091369,7.3,156580
tt0091419,7.1,90187
tt0091445,6.9,18111
tt0091472,6.1,7117
tt0091474,7.2,86224
tt0091499,5.4,37811
tt0091530,7.4,68107
tt0091541,6.4,64480
tt0091578,6.8,17919
tt0091605,7.7,122092
tt0091613,6.0,646
tt0091635,5.9,45211
tt0091671,5.7,3164
tt0091738,6.4,42417
tt0091757,6.0,9781
tt0091778,5.7,31442
tt0091828,5.6,39251
tt0091867,7.2,50093
tt0091954,7.0,35752
tt0091981,4.8,5172
tt0091993,5.7,16269
tt0092005,8.1,461220
tt0092007,7.3,93777
tt0092076,5.6,40619
tt0092106,7.2,43409
tt0092115,4.6,12209
tt0092147,5.9,7577
tt0092226,5.6,6568
tt0092240,5.9,20446
tt0092563,7.2,99295
tt0092618,7.1,22745
tt0092666,5.9,24952
tt0092675,6.8,98168
tt0092699,7.3,35244
tt0092746,5.6,11046
tt0092796,6.0,29473
tt0092925,6.0,38526
tt0092965,7.7,137954
tt0092974,5.5,12851
tt0092991,7.7,188769
tt0093058,8.2,817093
tt0093067,6.8,823
tt0093105,7.3,159277
tt0093191,7.9,80458
tt0093278,4.7,12456
tt0093300,3.0,51244
tt0093378,6.9,37785
tt0093389,7.7,115353
tt0093409,7.6,285419
tt0093428,6.7,109505
tt0093437,7.2,168809
tt0093493,6.0,37557
tt0093507,5.4,46133
tt0093509,7.9,9673
tt0093543,6.3,6291
tt0093560,6.9,37026
tt0093596,5.5,4612
tt0093624,6.1,20411
tt0093629,6.7,94777
tt0093640,7.1,50737
tt0093692,5.8,62054
tt0093737,5.4,8055
tt0093743,6.2,803
tt0093744,5.9,4785
tt0093771,6.3,6025
tt0093773,7.8,474047
tt0093777,6.7,52629
tt0093779,8.0,464012
tt0093793,6.2,13123
tt0093822,7.3,155329
tt0093870,7.6,294584
tt0093894,6.6,173610
tt0093936,6.5,38219
tt0093974,3.9,9678
tt0094008,6.1,12404
tt0094012,7.1,214065
tt0094074,3.7,54989
tt0094142,6.3,42429
tt0094169,4.9,1992
tt0094226,7.8,341561
tt0094291,7.3,169140
tt0094602,6.0,35775
tt0094612,5.6,13088
tt0094625,8.0,214420
tt0094631,6.3,17133
tt0094667,6.8,4342
tt0094701,5.6,4521
tt0094721,7.5,401038
tt0094737,7.3,249084
tt0094746,6.7,16984
tt0094761,6.7,46524
tt0094783,6.0,2542
tt0094812,7.0,61450
tt0094813,4.9,1500
tt0094862,6.7,124040
tt0094889,5.9,94637
tt0094890,5.4,17724
tt0094894,6.7,31261
tt0094898,7.1,231348
tt0094919,5.6,17628
tt0094924,6.9,11628
tt0094947,7.5,77240
tt0094964,7.2,56029
tt0095016,8.2,985309
tt0095107,5.7,13575
tt0095159,7.5,159203
tt0095174,6.8,59557
tt0095179,5.2,44678
tt0095253,6.6,53691
tt0095271,5.8,61370
tt0095294,6.4,58347
tt0095326,4.5,3718
tt0095488,6.1,16554
tt0095489,7.4,102643
tt0095497,7.5,65164
tt0095519,6.3,23482
tt0095593,6.2,20736
tt0095631,7.5,98708
tt0095647,7.8,119537
tt0095652,6.2,13625
tt0095687,5.4,28359
tt0095705,7.6,193159
tt0095756,4.9,2866
tt0095774,6.2,3630
tt0095776,6.6,54840
tt0095853,6.4,2372
tt0095863,6.4,17284
tt0095889,4.7,21500
tt0095895,7.2,9108
tt0095904,5.8,4987
tt0095925,6.2,29511
tt0095927,5.9,9506
tt0095956,5.8,144565
tt0095963,6.1,78567
tt0095990,5.7,22424
tt0096071,6.4,28482
tt0096193,5.7,4770
tt0096219,7.2,15094
tt0096256,7.2,153510
tt0096332,7.2,39579
tt0096378,5.7,5426
tt0096409,6.6,4532
tt0096438,7.7,224524
tt0096446,7.2,133252
tt0096463,6.8,64939
tt0096487,6.8,70480
tt0096734,6.8,86779
tt0096754,7.5,200332
tt0096764,7.1,58250
tt0096787,6.7,48384
tt0096794,6.4,33879
tt0096874,7.8,594637
tt0096926,6.2,6378
tt0096928,6.9,145274
tt0096933,6.6,61775
tt0097008,5.0,1183
tt0097027,7.1,49579
tt0097053,5.9,1240
tt0097116,6.4,5260
tt0097123,7.8,61884
tt0097142,6.3,5421
tt0097162,6.8,45692
tt0097216,8.0,117533
tt0097240,7.2,42288
tt0097257,5.5,26087
tt0097334,6.2,3223
tt0097366,6.1,23872
tt0097388,4.5,45442
tt0097428,6.6,232534
tt0097441,7.8,148711
tt0097474,4.9,49305
tt0097481,6.1,25811
tt0097523,6.4,171207
tt0097576,8.2,834513
tt0097626,6.1,11466
tt0097637,6.1,36454
tt0097659,6.4,63573
tt0097733,7.3,194739
tt0097737,5.8,25310
tt0097742,6.7,115461
tt0097757,7.6,300333
tt0097758,6.0,14754
tt0097770,6.4,47990
tt0097814,7.8,175697
tt0097815,7.2,79331
tt0097889,7.0,13377
tt0097958,7.5,234388
tt0097967,5.9,13080
tt0097981,5.0,53064
tt0097987,4.4,7275
tt0098084,6.5,119191
tt0098180,5.2,10175
tt0098206,6.7,106512
tt0098273,6.8,46727
tt0098282,6.8,60950
tt0098320,5.5,18500
tt0098382,5.5,65898
tt0098439,6.4,116991
tt0098471,6.2,13096
tt0098554,7.1,113679
tt0098575,7.0,14832
tt0098577,6.1,23043
tt0098627,6.4,65405
tt0098635,7.7,254160
tt0098663,6.1,17105
tt0098987,6.4,19687
tt0099044,5.9,46042
tt0099052,6.5,78161
tt0099088,7.5,497930
tt0099165,5.6,27497
tt0099253,6.0,60836
tt0099277,5.9,9314
tt0099329,6.5,66741
tt0099365,6.4,72360
tt0099371,6.1,99468
tt0099385,5.7,21869
tt0099422,6.2,67779
tt0099423,7.1,395343
tt0099487,7.9,544006
tt0099578,5.7,5185
tt0099582,6.6,95895
tt0099611,6.2,15053
tt0099674,7.6,437461
tt0099685,8.7,1315714
tt0099697,5.0,13293
tt0099700,6.4,116675
tt0099739,5.8,33355
tt0099740,5.9,17065
tt0099747,6.1,8749
tt0099810,7.5,221867
tt0099817,6.1,15228
tt0099871,7.4,122923
tt0099939,6.9,44811
tt0100029,6.2,41324
tt0100053,4.9,5485
tt0100114,5.9,25176
tt0100129,5.5,2764
tt0100140,6.7,37944
tt0100150,7.7,145449
tt0100157,7.8,248424
tt0100168,6.7,14179
tt0100201,6.4,13843
tt0100240,5.1,28201
tt0100258,6.8,47069
tt0100260,6.5,27582
tt0100332,8.2,19108
tt0100395,6.7,20351
tt0100403,6.3,190280
tt0100477,6.8,49011
tt0100502,5.8,96207
tt0100507,5.4,155313
tt0100514,5.9,30212
tt0100594,6.7,14232
tt0100666,5.3,4071
tt0100680,6.3,8858
tt0100740,6.2,20097
tt0100802,7.5,366074
tt0100814,7.2,157613
tt0100828,6.1,16117
tt0100935,7.2,106896
tt0101272,6.9,190206
tt0101371,6.1,3687
tt0101373,6.8,3627
tt0101393,6.7,90526
tt0101410,7.6,131996
tt0101412,4.2,3722
tt0101507,7.8,161322
tt0101516,6.8,31931
tt0101540,7.3,225562
tt0101587,6.8,65464
tt0101597,7.0,3168
tt0101615,2.9,10651
tt0101700,7.5,91985
tt0101701,5.8,9883
tt0101746,6.9,6064
tt0101757,6.3,39653
tt0101761,7.2,101849
tt0101764,5.6,45587
tt0101775,6.0,32607
tt0101786,6.5,14893
tt0101889,7.5,93605
tt0101902,6.4,6249
tt0101917,4.7,53162
tt0102005,6.1,23791
tt0102034,4.2,49168
tt0102057,6.8,281262
tt0102059,6.7,120215
tt0102070,5.7,61979
tt0102116,6.9,10048
tt0102138,8.0,175593
tt0102175,6.6,20139
tt0102266,7.0,115836
tt0102395,4.4,7079
tt0102411,5.7,6423
tt0102460,5.9,9963
tt0102510,6.9,126196
tt0102526,6.6,40399
tt0102536,7.7,68439
tt0102558,5.1,28696
tt0102603,6.5,35309
tt0102614,6.1,26720
tt0102631,6.6,3252
tt0102655,6.0,5078
tt0102685,7.3,212373
tt0102687,6.3,5230
tt0102713,6.8,20537
tt0102729,5.8,7938
tt0102749,5.9,2418
tt0102753,6.5,5719
tt0102757,6.3,6201
tt0102782,5.2,22378
tt0102798,6.9,214921
tt0102802,6.0,11028
tt0102803,6.6,63562
tt0102818,6.2,3308
tt0102849,5.4,5355
tt0102900,6.5,12011
tt0102915,6.1,21535
tt0102945,6.3,68191
tt0102975,7.2,82841
tt0103007,5.7,6730
tt0103060,6.0,62460
tt0103064,8.6,1224233
tt0103074,7.6,182211
tt0103241,7.0,76383
tt0103247,6.7,23261
tt0103594,6.4,33926
tt0103644,6.4,338933
tt0103759,7.0,50208
tt0103772,7.1,230261
tt0103776,7.1,338623
tt0103859,5.6,32341
tt0103873,7.5,106455
tt0103874,7.4,254568
tt0103893,5.7,51523
tt0103919,6.7,104710
tt0103924,5.8,23674
tt0103956,5.2,48661
tt0103962,4.4,3318
tt0103976,6.5,5798
tt0103977,5.1,1124
tt0104006,5.7,8597
tt0104009,4.8,25778
tt0104070,6.7,140848
tt0104107,6.9,8427
tt0104109,6.8,485
tt0104231,6.6,70143
tt0104257,7.7,300339
tt0104348,7.7,121275
tt0104376,5.1,1857
tt0104389,6.7,50857
tt0104409,5.5,36478
tt0104418,6.0,5736
tt0104437,4.9,48044
tt0104549,6.3,19026
tt0104573,7.0,31689
tt0104691,7.6,196034
tt0104692,5.4,40567
tt0104694,7.4,125118
tt0104714,6.7,183321
tt0104779,7.2,44369
tt0104797,7.7,105919
tt0104815,6.8,72933
tt0104850,6.0,27938
tt0104868,6.6,73935
tt0104928,5.9,6460
tt0104952,7.6,148601
tt0105017,7.4,13171
tt0105078,5.3,2146
tt0105104,5.9,52036
tt0105112,6.8,124156
tt0105128,4.9,24301
tt0105151,7.5,68391
tt0105211,6.9,14608
tt0105217,6.1,18088
tt0105219,6.3,10734
tt0105226,7.0,26664
tt0105323,8.0,347888
tt0105378,6.7,18498
tt0105399,6.4,13305
tt0105414,6.4,43734
tt0105417,6.5,112925
tt0105466,6.3,14762
tt0105508,6.6,1999
tt0105652,7.2,5072
tt0105665,7.3,111652
tt0105690,6.5,98551
tt0105699,6.4,20391
tt0105793,7.0,176684
tt0105824,6.4,3195
tt0106226,7.2,70645
tt0106233,6.3,8028
tt0106246,7.1,66796
tt0106364,7.8,60028
tt0106375,5.0,30526
tt0106447,5.7,2568
tt0106452,6.0,22047
tt0106453,4.6,16969
tt0106464,6.5,1049
tt0106489,7.8,170851
tt0106505,5.1,2558
tt0106519,7.9,239115
tt0106521,3.7,4537
tt0106557,4.4,10015
tt0106582,6.5,144069
tt0106627,5.8,23363
tt0106664,6.0,20672
tt0106677,7.6,207007
tt0106697,6.7,201310
tt0106701,5.7,66808
tt0106761,3.9,14269
tt0106770,7.0,33751
tt0106856,7.6,215292
tt0106912,6.5,29921
tt0106918,6.9,153668
tt0106941,6.2,15992
tt0106950,5.9,31231
tt0106965,6.0,85737
tt0106977,7.8,331392
tt0107004,6.6,14217
tt0107034,6.4,47246
tt0107048,8.0,712709
tt0107076,6.2,58821
tt0107120,6.9,163945
tt0107130,7.1,4125
tt0107144,6.6,100195
tt0107156,7.6,17790
tt0107206,7.2,117880
tt0107207,8.1,194671
tt0107211,6.0,81891
tt0107254,4.1,38647
tt0107277,5.7,1697
tt0107282,7.7,18920
tt0107302,6.7,60193
tt0107362,6.5,168645
tt0107387,4.8,31919
tt0107426,6.1,18507
tt0107504,5.2,5056
tt0107507,7.3,47948
tt0107554,7.5,66819
tt0107594,5.7,4448
tt0107688,7.9,393707
tt0107719,5.9,2683
tt0107745,6.5,6250
tt0107750,6.5,7196
tt0107798,6.6,99552
tt0107808,7.5,90236
tt0107818,7.7,265840
tt0107819,4.5,2290
tt0107840,6.1,17290
tt0107943,7.8,88202
tt0107953,5.9,17598
tt0107977,6.7,141015
tt0107978,4.2,56141
tt0107983,6.5,15758
tt0108000,6.9,3349
tt0108002,7.5,71238
tt0108041,7.0,871
tt0108147,5.7,61068
tt0108162,5.1,35576
tt0108174,6.5,44116
tt0108187,3.9,6193
tt0108255,4.2,65245
tt0108308,4.8,37400
tt0108320,6.3,1200
tt0108333,6.4,61427
tt0108358,7.8,175316
tt0108395,5.3,7530
tt0108399,7.9,250833
tt0108550,7.7,260940
tt0109040,6.9,337810
tt0109067,5.6,9669
tt0109190,6.2,57848
tt0109254,5.5,97175
tt0109368,6.0,1053
tt0109370,5.9,18657
tt0109376,2.6,4582
tt0109402,5.9,22725
tt0109444,6.9,111653
tt0109446,6.7,76318
tt0109447,5.5,8934
tt0109456,5.2,26537
tt0109506,7.5,220994
tt0109578,4.9,9311
tt0109635,6.2,56199
tt0109707,7.8,187786
tt0109813,5.0,89019
tt0109836,6.3,60738
tt0110005,7.2,68997
tt0110027,4.5,22605
tt0110066,5.9,7713
tt0110093,5.4,12949
tt0110146,5.4,9337
tt0110148,7.5,360917
tt0110186,6.6,4872
tt0110216,4.7,74851
tt0110265,6.4,21937
tt0110289,6.4,476
tt0110322,7.5,190465
tt0110329,4.6,12515
tt0110399,5.9,8032
tt0110413,8.5,1295623
tt0110598,7.2,43516
tt0110622,6.5,115370
tt0110632,7.2,259127
tt0110638,6.5,31630
tt0110657,4.6,35514
tt0110678,6.1,23441
tt0110725,4.6,26177
tt0110759,6.6,14958
tt0110763,6.2,26526
tt0110907,5.2,16227
tt0110944,6.4,5515
tt0110950,6.6,55596
tt0110955,6.9,27603
tt0110971,6.2,19590
tt0110978,3.4,27240
tt0111070,6.6,140485
tt0111127,6.8,36168
tt0111143,6.1,27997
tt0111161,9.3,3022471
tt0111187,5.9,5084
tt0111255,5.6,71437
tt0111280,6.6,88965
tt0111282,7.0,211266
tt0111301,4.1,77387
tt0111323,6.2,13736
tt0111333,6.4,27998
tt0111400,5.5,15004
tt0111419,6.2,19419
tt0111438,5.9,66470
tt0111503,7.3,290291
tt0111579,7.8,16743
tt0111686,6.4,66789
tt0111756,6.7,56960
tt0112281,6.4,240929
tt0112346,6.8,62121
tt0112384,7.7,324995
tt0112401,6.3,90059
tt0112427,5.8,3124
tt0112431,6.9,138099
tt0112442,6.8,304240
tt0112462,5.4,273240
tt0112471,8.1,356386
tt0112508,6.4,161509
tt0112541,6.6,10352
tt0112571,6.5,14612
tt0112573,8.3,1124428
tt0112579,7.6,92484
tt0112641,8.2,588200
tt0112642,6.2,152153
tt0112682,7.5,73115
tt0112688,6.9,24062
tt0112715,5.3,50242
tt0112740,7.4,129409
tt0112760,5.7,31758
tt0112818,7.5,104491
tt0112851,7.1,202588
tt0112857,6.8,25960
tt0112864,7.6,419068
tt0112870,8.0,79714
tt0112883,6.7,54230
tt0113010,4.4,14256
tt0113071,6.0,80562
tt0113101,6.7,113763
tt0113118,7.2,130090
tt0113161,6.9,93089
tt0113189,7.2,276543
tt0113243,6.2,77792
tt0113253,4.7,44132
tt0113277,8.3,750049
tt0113303,5.3,7767
tt0113326,6.8,47468
tt0113347,6.3,12789
tt0113362,7.0,6510
tt0113409,7.1,83373
tt0113451,5.3,14774
tt0113463,5.7,3270
tt0113481,5.6,78302
tt0113492,5.6,128285
tt0113497,7.1,392919
tt0113540,7.0,87884
tt0113677,7.5,20882
tt0113691,6.4,6700
tt0113749,7.0,131194
tt0113819,7.0,43770
tt0113820,5.3,30970
tt0113845,5.7,44192
tt0113855,5.8,127496
tt0113957,6.0,76744
tt0113972,6.3,46122
tt0113987,7.0,33553
tt0114011,6.8,33644
tt0114069,6.6,141768
tt0114095,6.5,7573
tt0114108,5.5,5787
tt0114113,6.0,2510
tt0114148,6.7,209643
tt0114214,6.5,107524
tt0114234,7.4,10765
tt0114287,6.9,47331
tt0114296,6.4,2090
tt0114345,5.3,16832
tt0114367,6.3,30511
tt0114369,8.6,1895594
tt0114371,5.3,1427
tt0114388,7.7,130764
tt0114436,5.1,77866
tt0114478,7.4,39016
tt0114508,5.9,88433
tt0114536,4.7,1115
tt0114558,7.2,80949
tt0114576,5.9,38237
tt0114609,6.5,10182
tt0114614,5.4,36202
tt0114660,6.7,30481
tt0114666,5.0,1292
tt0114681,6.8,56251
tt0114697,4.2,3975
tt0114746,8.0,662001
tt0114781,5.6,51521
tt0114814,8.5,1183944
tt0114825,4.7,25907
tt0114857,5.5,33573
tt0114885,6.0,12778
tt0114887,6.7,37683
tt0114898,6.3,217157
tt0115433,5.8,120641
tt0115571,6.2,39635
tt0115610,5.8,8978
tt0115632,6.9,22811
tt0115676,4.8,5692
tt0115685,7.2,106838
tt0115734,6.9,85587
tt0115736,7.3,63689
tt0115759,6.1,107691
tt0115783,5.8,41141
tt0115798,6.1,183679
tt0115857,5.7,57867
tt0115862,6.0,16620
tt0115906,7.0,9451
tt0115956,6.6,61422
tt0115963,6.5,113914
tt0115986,4.6,22818
tt0115994,5.9,5719
tt0116040,6.0,78659
tt0116118,6.3,10918
tt0116136,6.4,103649
tt0116191,6.6,42916
tt0116209,7.4,208092
tt0116213,6.2,120921
tt0116225,5.7,82960
tt0116250,6.3,38383
tt0116253,6.5,63283
tt0116259,6.2,21382
tt0116269,5.7,2346
tt0116277,5.9,52512
tt0116282,8.1,751822
tt0116313,6.5,56384
tt0116320,5.4,10108
tt0116322,5.3,11946
tt0116324,6.7,20417
tt0116365,7.1,98711
tt0116367,7.2,352927
tt0116378,6.6,9675
tt0116404,6.9,6208
tt0116409,6.8,67573
tt0116414,5.3,6756
tt0116483,7.0,260826
tt0116514,5.1,25670
tt0116583,7.0,177229
tt0116654,4.6,36639
tt0116669,5.8,65507
tt0116683,6.7,76198
tt0116695,7.3,296920
tt0116705,5.8,122863
tt0116707,5.5,14941
tt0116722,6.9,11447
tt0116743,6.0,11604
tt0116778,6.9,93528
tt0116830,6.4,62234
tt0116905,7.4,33995
tt0116908,6.8,88774
tt0116922,7.6,161852
tt0116985,6.6,2302
tt0116996,6.4,251173
tt0116999,6.7,30872
tt0117002,5.8,16221
tt0117008,7.0,184260
tt0117011,5.6,24780
tt0117039,7.1,34951
tt0117060,7.2,485861
tt0117104,6.2,8971
tt0117218,5.7,127222
tt0117260,5.7,2124
tt0117318,7.3,103095
tt0117331,5.1,36636
tt0117333,6.4,86071
tt0117372,5.7,14418
tt0117381,7.7,257806
tt0117420,5.6,29048
tt0117438,6.7,139099
tt0117477,7.3,8385
tt0117500,7.4,368334
tt0117589,8.0,49296
tt0117603,6.9,19305
tt0117628,6.0,18889
tt0117653,5.3,4634
tt0117665,7.5,244368
tt0117705,6.5,221196
tt0117718,7.0,7415
tt0117724,5.9,354
tt0117731,7.6,134626
tt0117765,4.6,49841
tt0117786,6.2,29853
tt0117791,6.3,8031
tt0117826,5.4,16230
tt0117913,7.5,189098
tt0117918,6.4,54621
tt0117951,8.1,746313
tt0117998,6.5,242805
tt0118158,6.6,26334
tt0118531,6.6,26058
tt0118548,6.7,62468
tt0118564,6.9,20455
tt0118570,5.3,20373
tt0118571,6.5,217084
tt0118577,3.5,3833
tt0118583,6.2,280544
tt0118589,2.4,24284
tt0118604,5.1,28091
tt0118607,7.3,84958
tt0118615,4.9,115806
tt0118617,7.1,141015
tt0118623,6.3,6304
tt0118655,7.0,264863
tt0118661,3.8,46180
tt0118665,2.6,28002
tt0118688,3.8,274691
tt0118715,8.1,886395
tt0118736,6.4,8246
tt0118747,4.9,35440
tt0118749,7.9,290098
tt0118771,7.0,65373
tt0118789,7.4,63827
tt0118798,6.8,27735
tt0118826,7.6,18060
tt0118829,6.9,8890
tt0118849,8.2,84919
tt0118880,6.9,328981
tt0118883,6.7,110230
tt0118884,7.5,302180
tt0118887,7.0,110649
tt0118928,6.1,102821
tt0118929,7.6,218786
tt0118954,7.3,49028
tt0118956,6.1,42690
tt0118971,7.5,420254
tt0118972,6.2,74198
tt0118983,7.0,25284
tt0118998,5.4,104646
tt0119008,7.7,342870
tt0119038,7.6,45911
tt0119079,6.8,8566
tt0119081,6.6,204825
tt0119094,7.3,412980
tt0119116,7.6,524335
tt0119123,5.1,19647
tt0119137,5.3,97003
tt0119142,5.8,12511
tt0119173,6.0,90027
tt0119174,7.7,449531
tt0119177,7.7,334428
tt0119210,6.4,15612
tt0119223,6.8,58277
tt0119256,7.1,56510
tt0119282,7.3,266111
tt0119303,4.6,132237
tt0119304,5.1,9145
tt0119314,6.7,44487
tt0119324,6.5,9040
tt0119345,5.8,164831
tt0119349,7.3,61894
tt0119395,6.4,128442
tt0119396,7.5,388072
tt0119468,6.6,93635
tt0119485,7.0,31195
tt0119488,8.2,638089
tt0119517,6.3,8459
tt0119528,6.9,347669
tt0119558,6.8,69995
tt0119567,6.6,457020
tt0119578,7.0,3760
tt0119592,6.3,21499
tt0119643,7.2,280540
tt0119654,7.3,635840
tt0119664,5.6,29815
tt0119668,6.6,42503
tt0119675,6.0,57425
tt0119698,8.3,455776
tt0119707,3.6,59542
tt0119709,5.6,6540
tt0119715,6.5,62402
tt0119738,6.4,160654
tt0119746,6.0,2731
tt0119784,6.0,12666
tt0119822,7.7,327186
tt0119832,5.9,7339
tt0119896,5.5,22011
tt0119906,5.6,8111
tt0119925,6.1,81091
tt0119934,7.2,7823
tt0119937,6.8,7823
tt0119951,6.9,39839
tt0119978,7.2,86093
tt0120004,5.8,31192
tt0120008,6.1,31223
tt0120036,7.2,9116
tt0120042,6.8,1823
tt0120053,6.2,73724
tt0120082,6.3,221267
tt0120094,6.9,32677
tt0120102,7.1,161127
tt0120107,4.9,5354
tt0120122,6.5,7944
tt0120133,5.3,6030
tt0120148,6.7,73215
tt0120157,6.0,60953
tt0120176,7.1,26621
tt0120177,5.2,74249
tt0120179,4.0,87989
tt0120184,6.1,115089
tt0120185,3.7,38531
tt0120188,7.1,183862
tt0120199,5.4,9217
tt0120201,7.3,333124
tt0120207,3.0,15459
tt0120255,7.4,37364
tt0120338,7.9,1331697
tt0120347,6.5,209245
tt0120363,7.9,641694
tt0120382,8.2,1267367
tt0120389,3.7,10180
tt0120390,5.0,13075
tt0120399,6.7,56126
tt0120434,5.9,54568
tt0120458,5.0,30785
tt0120467,5.2,4360
tt0120471,6.4,5071
tt0120483,6.6,35463
tt0120484,6.2,184685
tt0120524,5.8,27084
tt0120531,4.2,2317
tt0120577,5.9,35039
tt0120586,8.5,1225566
tt0120587,6.5,167141
tt0120591,6.7,464128
tt0120595,5.9,36527
tt0120596,5.1,19240
tt0120601,7.7,361226
tt0120604,4.1,12847
tt0120609,6.1,32279
tt0120611,7.1,315663
tt0120616,7.1,479757
tt0120620,6.4,24518
tt0120623,7.2,325301
tt0120630,7.1,218324
tt0120631,7.1,83621
tt0120632,6.7,131017
tt0120633,6.6,31773
tt0120645,4.1,3257
tt0120646,6.3,22064
tt0120647,6.3,196262
tt0120655,7.3,233620
tt0120657,6.6,135463
tt0120660,7.3,266531
tt0120663,7.5,396376
tt0120667,5.7,354324
tt0120669,7.5,309087
tt0120679,7.3,98012
tt0120681,6.7,167894
tt0120684,7.3,33445
tt0120685,5.5,208146
tt0120689,8.6,1474949
tt0120693,6.6,69224
tt0120694,5.8,85089
tt0120696,5.9,38209
tt0120703,5.7,8630
tt0120722,6.5,5137
tt0120735,8.1,632578
tt0120737,8.9,2094033
tt0120738,5.2,75981
tt0120741,5.5,16281
tt0120746,6.8,203219
tt0120755,6.1,389460
tt0120757,4.3,9739
tt0120762,7.7,329758
tt0120764,5.1,14750
tt0120768,7.3,159453
tt0120769,6.1,12811
tt0120770,6.2,66469
tt0120772,6.0,22009
tt0120777,6.4,21988
tt0120780,7.0,102312
tt0120784,7.1,149362
tt0120787,6.6,94987
tt0120791,6.3,99301
tt0120794,7.2,153138
tt0120800,6.3,18798
tt0120802,7.6,35035
tt0120804,6.6,298021
tt0120812,7.0,309313
tt0120815,8.6,1559687
tt0120828,5.9,85386
tt0120832,6.1,89332
tt0120841,4.5,32591
tt0120844,6.4,81108
tt0120855,7.3,257562
tt0120857,6.9,14621
tt0120863,7.6,205445
tt0120873,6.6,117205
tt0120885,7.1,90637
tt0120888,6.9,167307
tt0120889,7.0,117094
tt0120890,6.6,135659
tt0120891,4.9,170160
tt0120902,7.0,112080
tt0120903,7.3,670328
tt0120906,6.9,15675
tt0120907,6.8,110009
tt0120910,7.1,42601
tt0120912,6.2,416830
tt0120913,6.6,65158
tt0120915,6.5,886037
tt0120917,7.4,235945
tt0121164,7.4,312239
tt0121765,6.6,784096
tt0121766,7.6,873900
tt0122151,6.6,176195
tt0122459,7.0,23869
tt0122541,6.8,17252
tt0122690,7.2,200720
tt0122718,6.3,108219
tt0122933,6.7,164767
tt0123755,7.1,254465
tt0123948,7.5,29274
tt0123964,6.8,56969
tt0124102,5.1,8069
tt0124179,5.5,8795
tt0124198,6.3,49998
tt0124298,6.7,74012
tt0124315,7.4,107047
tt0124718,6.9,53042
tt0124879,6.8,22536
tt0125439,7.2,362626
tt0125659,7.7,74993
tt0125664,7.4,140472
tt0125971,6.4,9532
tt0126029,7.9,767731
tt0126250,6.8,14054
tt0127349,6.4,7793
tt0127536,7.4,107741
tt0127723,6.5,55480
tt0128214,5.5,374
tt0128442,7.3,163804
tt0128445,7.6,202326
tt0128853,6.7,236934
tt0129167,8.1,242279
tt0129280,5.5,15331
tt0129290,6.8,125717
tt0130018,4.8,81362
tt0130623,6.4,69868
tt0130827,7.6,212757
tt0131704,4.3,21537
tt0132245,4.6,43995
tt0132347,6.1,72191
tt0133046,5.3,22136
tt0133093,8.7,2141428
tt0133117,6.4,172
tt0133152,5.7,237506
tt0133240,7.2,139876
tt0133751,6.6,140719
tt0133952,6.4,80255
tt0134067,5.9,21291
tt0134084,5.7,172731
tt0134119,7.4,259972
tt0134154,6.7,14895
tt0134273,6.6,146854
tt0134618,6.7,28981
tt0134619,5.6,26231
tt0134847,7.0,258520
tt0134983,4.8,20234
tt0137338,6.0,16736
tt0137494,6.3,126626
tt0137523,8.8,2444392
tt0138304,5.4,58202
tt0138414,6.8,7231
tt0138510,6.3,48628
tt0138524,6.3,103558
tt0138749,6.9,112671
tt0139134,6.8,212955
tt0139239,7.2,77384
tt0139414,5.8,67637
tt0139462,6.3,41286
tt0139654,7.8,493163
tt0139809,7.0,79610
tt0140352,7.8,185632
tt0140888,8.0,47469
tt0141098,5.5,36618
tt0141399,5.3,2612
tt0141907,4.5,5358
tt0141926,6.6,89569
tt0142192,6.1,19635
tt0142342,6.4,241833
tt0142688,6.7,203702
tt0143145,6.4,214270
tt0144084,7.6,771734
tt0144117,7.6,256316
tt0144120,5.6,67117
tt0144168,6.2,22042
tt0144214,6.4,65433
tt0144528,4.5,54451
tt0144814,4.8,18615
tt0144964,4.6,21685
tt0145487,7.4,916858
tt0145531,6.2,74321
tt0145660,6.7,255281
tt0145681,6.7,192671
tt0145734,6.9,20659
tt0145893,5.2,15269
tt0145937,6.4,6397
tt0146309,7.3,64520
tt0146316,5.8,224364
tt0146336,5.6,74581
tt0146675,5.8,119106
tt0146838,6.9,128352
tt0146882,7.4,194266
tt0146984,6.7,60573
tt0147612,7.7,77003
tt0147800,7.3,414410
tt0149261,5.9,146951
tt0149691,6.2,19049
tt0150377,6.5,99488
tt0151137,6.4,71155
tt0151150,6.1,11381
tt0151738,6.0,100154
tt0151804,7.6,297742
tt0154421,6.7,34916
tt0155267,6.9,103765
tt0155713,6.8,630
tt0155776,5.7,30173
tt0155975,4.6,51626
tt0156841,4.7,11905
tt0156934,5.4,24618
tt0157472,5.2,15401
tt0157503,6.7,42756
tt0158622,3.7,26200
tt0158811,6.2,21247
tt0159097,7.2,177727
tt0159273,6.4,116080
tt0159365,7.2,160089
tt0160009,5.7,31515
tt0160127,5.6,201359
tt0160184,5.3,30215
tt0160338,5.9,2795
tt0160401,6.2,7304
tt0160429,4.4,4418
tt0160797,6.4,51432
tt0160916,6.0,25377
tt0161023,6.7,3725
tt0161081,6.6,139882
tt0161100,7.0,10622
tt0162222,7.8,661940
tt0162360,6.3,10433
tt0162650,6.0,82547
tt0162661,7.3,397347
tt0162710,7.2,9659
tt0162983,4.9,13441
tt0163025,5.9,351046
tt0163187,5.6,107253
tt0163579,5.2,10244
tt0163676,4.7,4949
tt0163978,6.6,260114
tt0164052,5.9,141784
tt0164085,7.0,6541
tt0164114,5.8,21994
tt0164181,6.9,90356
tt0164184,6.5,127912
tt0164212,6.4,29113
tt0164334,6.4,98854
tt0164538,7.5,32292
tt0164912,6.0,154565
tt0165494,3.3,5460
tt0165643,5.0,6142
tt0165710,6.8,42102
tt0165854,6.9,36095
tt0165929,6.1,75244
tt0165982,6.7,61650
tt0166110,4.5,8484
tt0166175,6.9,20440
tt0166276,4.8,19626
tt0166813,7.2,89731
tt0166924,7.9,404164
tt0166943,6.7,13570
tt0167190,6.9,360056
tt0167456,4.3,14768
tt0168501,6.7,12368
tt0168629,7.9,120113
tt0168786,7.3,39525
tt0169102,8.1,123474
tt0169302,7.0,2068
tt0170016,6.4,311287
tt0171356,5.6,8078
tt0171359,5.9,10200
tt0171363,5.0,82366
tt0171433,6.4,53783
tt0171804,7.5,105737
tt0172156,6.6,280009
tt0172396,7.0,24680
tt0172495,8.5,1745177
tt0173840,6.4,84920
tt0174204,4.7,3777
tt0174856,7.6,104929
tt0175880,8.0,336744
tt0176269,4.2,31375
tt0176783,5.9,17956
tt0177789,7.4,184856
tt0177971,6.5,182996
tt0178868,7.2,81336
tt0179098,6.6,14935
tt0179116,6.8,46080
tt0179626,6.1,52638
tt0180052,3.9,27665
tt0180073,7.2,57926
tt0180093,8.3,933557
tt0180734,6.4,34599
tt0181316,6.4,91184
tt0181536,7.3,91353
tt0181689,7.6,600060
tt0181739,6.3,40063
tt0181852,6.3,427036
tt0181865,7.6,224371
tt0181875,7.9,302518
tt0181984,7.0,57744
tt0182295,5.9,5001
tt0182789,6.9,128132
tt0183505,6.6,257717
tt0183523,5.7,77805
tt0183649,7.1,293712
tt0183790,7.0,209526
tt0184858,5.8,43436
tt0184894,6.6,138393
tt0185125,7.8,106180
tt0185183,2.5,84391
tt0185371,5.6,61722
tt0186045,5.7,15930
tt0186151,7.4,119009
tt0186566,6.5,88489
tt0186589,5.7,15829
tt0186894,5.8,22084
tt0187078,6.5,302041
tt0187393,7.2,302646
tt0187738,6.7,243650
tt0188030,7.6,10169
tt0188674,7.1,28193
tt0189584,6.5,15240
tt0189998,6.9,46467
tt0190138,6.7,132101
tt0190374,3.7,37061
tt0190590,7.7,340063
tt0190641,6.3,47679
tt0190865,6.0,66826
tt0191076,6.7,249
tt0191133,5.6,7808
tt0192111,5.4,15653
tt0192255,5.8,11990
tt0192614,5.6,34350
tt0192731,4.4,19504
tt0194218,6.6,9424
tt0195234,6.9,19652
tt0195685,7.5,232493
tt0195714,6.7,296120
tt0195945,6.1,45589
tt0196229,6.5,304432
tt0196857,5.5,12566
tt0198021,6.7,37343
tt0198781,8.1,1020888
tt0199290,4.7,3794
tt0199725,7.2,25436
tt0199753,5.7,60788
tt0200027,6.5,31083
tt0200465,7.2,192944
tt0200550,5.8,124250
tt0200720,7.0,8280
tt0202402,5.5,12519
tt0202470,6.3,46181
tt0202677,6.6,35970
tt0203009,7.6,306319
tt0203019,7.2,128084
tt0204175,5.4,17902
tt0204313,5.1,40864
tt0204350,4.9,1425
tt0204946,6.2,109577
tt0205000,5.7,82248
tt0206275,6.2,67476
tt0206314,6.6,78706
tt0206634,7.9,545463
tt0207201,6.5,229977
tt0208003,5.2,93038
tt0208092,8.2,940913
tt0208988,5.2,37817
tt0209077,5.8,31359
tt0209144,8.4,1370932
tt0209163,6.4,356464
tt0209475,5.4,89662
tt0209958,6.4,112470
tt0210234,6.1,24720
tt0210382,5.8,10224
tt0210616,6.7,23270
tt0210945,7.8,239452
tt0211181,4.9,40617
tt0211443,4.5,63845
tt0211465,6.1,25278
tt0211933,6.5,83047
tt0212338,7.0,366497
tt0212346,6.3,238883
tt0212712,7.4,63561
tt0212720,7.2,330231
tt0212985,6.8,303180
tt0213149,6.2,360092
tt0213790,5.2,14097
tt0214289,6.3,3820
tt0215129,6.5,182803
tt0215750,7.5,284427
tt0216216,5.9,130425
tt0217107,3.9,786
tt0217505,7.5,486546
tt0217756,5.4,15776
tt0217869,7.3,455046
tt0218043,7.6,9619
tt0218553,5.9,15249
tt0218817,6.1,30793
tt0218922,6.0,61576
tt0219653,4.9,37623
tt0219699,6.7,77536
tt0219822,6.4,19286
tt0219854,6.1,45270
tt0219965,6.5,72500
tt0220099,6.3,20971
tt0220506,3.9,51381
tt0220656,8.4,8942
tt0221027,7.5,281012
tt0221218,5.8,41047
tt0221809,7.5,470
tt0222012,8.0,14508
tt0222850,6.9,8382
tt0222851,7.1,25224
tt0223897,7.2,126071
tt0225071,5.7,26110
tt0227005,6.3,19907
tt0227445,6.8,138426
tt0227538,5.6,131182
tt0228333,4.9,59540
tt0230011,6.9,140353
tt0230030,6.1,114970
tt0230838,6.7,96604
tt0231402,4.8,26808
tt0232500,6.8,435505
tt0233142,6.0,49830
tt0233469,5.5,79263
tt0234215,7.2,649291
tt0234354,5.8,12032
tt0234829,5.1,16926
tt0235679,5.8,15833
tt0235737,7.0,32451
tt0236493,6.1,118354
tt0236784,6.1,31936
tt0237534,7.0,74055
tt0237572,6.7,72566
tt0238112,5.9,36662
tt0238380,7.3,354239
tt0238546,5.3,62128
tt0239395,5.2,63951
tt0239948,5.9,43930
tt0239986,6.4,6992
tt0240462,4.7,48539
tt0240510,6.5,35984
tt0240772,7.7,642148
tt0240890,6.8,126165
tt0240900,5.3,15491
tt0241025,6.2,23825
tt0241303,7.2,206159
tt0241527,7.7,898591
tt0242256,8.3,7762
tt0242423,5.5,148845
tt0242445,5.6,37643
tt0242572,7.6,3899
tt0242587,7.1,10765
tt0242653,6.7,558922
tt0243585,5.5,60078
tt0243655,6.5,61926
tt0244000,5.9,18031
tt0244244,6.5,199688
tt0244504,7.0,1920
tt0245562,6.1,75245
tt0245574,7.7,133716
tt0245686,6.0,62899
tt0245844,7.7,154103
tt0246460,6.1,233893
tt0246464,6.4,22134
tt0246544,4.8,15234
tt0246578,8.0,877951
tt0246989,5.3,20231
tt0247199,7.1,42184
tt0247303,4.7,5635
tt0247638,6.4,172424
tt0247745,7.0,115717
tt0248012,6.0,4615
tt0248667,6.7,107801
tt0249478,5.6,29297
tt0249516,1.3,12258
tt0250224,6.4,26054
tt0250310,4.7,13962
tt0250371,6.2,4881
tt0250494,6.5,264126
tt0250687,6.5,126269
tt0250797,6.7,102390
tt0251075,6.1,139027
tt0251114,6.4,56472
tt0251127,6.5,294753
tt0251160,7.1,148199
tt0251736,6.0,96853
tt0252028,5.5,29462
tt0252076,5.4,99128
tt0252223,4.8,2754
tt0252501,6.9,42053
tt0252866,6.4,277523
tt0253474,8.5,961529
tt0253556,6.2,148829
tt0253754,6.4,85683
tt0253798,6.3,18901
tt0253867,5.2,64170
tt0254686,7.5,75557
tt0255477,4.3,8780
tt0255589,6.9,15202
tt0255798,4.8,65468
tt0255819,6.5,17416
tt0256009,7.4,72913
tt0256276,6.3,13843
tt0256380,6.0,148928
tt0256415,6.2,127778
tt0257044,7.7,292167
tt0257076,6.1,156769
tt0257106,5.4,181870
tt0257360,7.2,135595
tt0257516,5.1,36191
tt0257756,6.4,49662
tt0258000,6.8,305862
tt0258068,7.0,30335
tt0258463,7.8,592470
tt0259288,6.1,40774
tt0259308,4.6,1650
tt0259324,5.3,259813
tt0259711,6.9,293215
tt0260866,6.3,58607
tt0261289,5.3,19262
tt0261392,6.8,163546
tt0261755,5.6,606
tt0261983,6.4,64764
tt0262396,5.9,8031
tt0263488,6.2,149322
tt0263734,5.9,4800
tt0263757,6.2,46441
tt0264395,6.4,67922
tt0264464,8.1,1154592
tt0264472,6.5,76233
tt0264616,7.2,95013
tt0264935,6.2,64236
tt0265086,7.7,437808
tt0265208,6.7,250213
tt0265298,5.5,41570
tt0265349,6.4,86948
tt0265459,6.8,135612
tt0265632,6.5,12070
tt0265662,6.9,38115
tt0265666,7.6,321219
tt0266308,7.5,200084
tt0266391,6.4,9274
tt0266465,6.0,50244
tt0266489,5.9,64005
tt0266697,8.2,1243356
tt0266747,3.0,5542
tt0266915,6.7,248448
tt0266987,7.1,171897
tt0267248,4.8,10292
tt0267287,6.4,13871
tt0267626,6.7,69456
tt0267804,5.9,97716
tt0267913,5.3,131899
tt0268126,7.7,208158
tt0268200,6.7,1673
tt0268380,7.5,540167
tt0268397,6.1,39250
tt0268695,6.0,132979
tt0268978,8.2,1017443
tt0268995,6.9,59252
tt0269095,6.1,27062
tt0269347,6.1,52969
tt0270288,7.0,93595
tt0271027,6.6,67976
tt0271946,5.8,19214
tt0272020,6.9,87276
tt0272152,7.4,196794
tt0272207,7.1,44205
tt0272338,7.3,184577
tt0273799,5.4,9006
tt0274166,6.3,179478
tt0274558,7.5,143847
tt0274812,6.9,103700
tt0275022,3.8,45680
tt0275491,7.4,64765
tt0275719,7.2,21702
tt0275847,7.3,222889
tt0276751,7.1,195641
tt0276919,8.0,163319
tt0277027,7.6,158087
tt0277296,5.5,148573
tt0277371,5.8,120503
tt0277434,7.2,155148
tt0277895,6.5,526
tt0278295,5.8,16029
tt0278435,5.8,49404
tt0278488,6.2,63396
tt0278504,7.2,328373
tt0279111,6.2,17607
tt0279113,6.4,48573
tt0279331,6.6,24810
tt0279493,5.9,36951
tt0280030,5.8,22930
tt0280380,6.1,26400
tt0280486,5.6,50976
tt0280590,5.8,157485
tt0280665,6.2,38438
tt0280707,7.2,97937
tt0280760,6.8,36431
tt0281322,6.1,35477
tt0281358,7.3,226219
tt0281680,6.5,983
tt0282687,5.8,28723
tt0283026,5.1,21719
tt0283084,6.6,26000
tt0283111,6.4,118129
tt0283160,4.4,5793
tt0283426,5.3,18699
tt0283503,6.3,6072
tt0283900,7.3,43380
tt0284490,5.6,66151
tt0285441,7.4,6960
tt0285462,4.9,32871
tt0285531,5.5,98190
tt0285728,5.6,12028
tt0285823,6.3,173162
tt0286106,6.8,399804
tt0286244,7.7,58134
tt0286716,5.6,284912
tt0287467,7.9,119695
tt0287717,5.3,76081
tt0287978,5.3,235066
tt0288477,5.6,112913
tt0289408,6.5,11346
tt0289635,6.3,14965
tt0289765,7.2,301500
tt0289848,5.9,90996
tt0289879,7.6,538224
tt0289992,7.5,129087
tt0290002,6.3,294438
tt0290145,6.6,3769
tt0290212,4.7,11422
tt0290332,4.8,7909
tt0290334,7.4,595166
tt0290747,4.1,7293
tt0291502,3.6,18296
tt0292490,8.0,77601
tt0292963,7.3,116273
tt0293416,7.2,23284
tt0293508,7.2,134211
tt0293564,6.2,190444
tt0293662,6.8,328967
tt0293815,5.8,31334
tt0294870,6.8,56928
tt0295178,6.2,228143
tt0295254,3.4,23261
tt0295289,5.6,18822
tt0295297,7.4,724594
tt0295700,6.1,138433
tt0295701,5.8,189686
tt0295721,5.8,47027
tt0296572,6.6,247081
tt0296574,8.0,16664
tt0297037,6.5,10631
tt0297144,6.8,6577
tt0297181,5.4,54336
tt0297284,6.3,65589
tt0297884,7.3,50336
tt0298130,7.1,387993
tt0298148,7.4,527548
tt0298203,7.2,335973
tt0298228,7.5,44710
tt0298744,6.7,15555
tt0298814,5.5,109829
tt0299172,5.4,27500
tt0299658,7.2,249410
tt0299930,2.6,51436
tt0299977,7.9,190368
tt0300051,6.2,72589
tt0300471,6.2,114813
tt0300532,5.7,33648
tt0300556,5.6,67395
tt0301470,5.7,73266
tt0301727,7.9,12519
tt0302886,7.0,249731
tt0303243,7.3,4251
tt0303361,6.6,42274
tt0303714,6.3,34506
tt0303933,6.0,36849
tt0304141,7.9,724561
tt0304328,6.3,6852
tt0304669,5.8,66723
tt0304711,5.1,18769
tt0305224,6.3,234199
tt0305357,4.9,135926
tt0305669,5.6,40133
tt0305711,5.5,75968
tt0306047,5.6,163584
tt0306685,5.8,47647
tt0306841,5.6,43376
tt0307453,6.0,205107
tt0307479,6.2,87511
tt0307596,6.7,1275
tt0307901,7.6,187311
tt0307987,7.0,161164
tt0308208,3.7,21439
tt0308353,4.5,11360
tt0308644,7.6,214460
tt0309377,6.4,49243
tt0309530,6.3,45707
tt0309593,6.2,191449
tt0309698,7.3,278155
tt0309987,7.1,136970
tt0310281,7.2,30153
tt0310775,7.5,77658
tt0310793,8.0,150518
tt0311113,7.5,245609
tt0311429,5.8,187652
tt0312004,7.5,152648
tt0312329,5.3,7534
tt0312549,6.8,22517
tt0313443,6.5,67956
tt0313542,7.1,112461
tt0313737,6.2,130219
tt0313911,5.1,37957
tt0314331,7.6,557228
tt0314353,6.6,134043
tt0315297,5.3,24175
tt0315327,6.8,450149
tt0315642,7.1,20371
tt0315733,7.6,249494
tt0315824,4.9,19028
tt0315983,7.5,74235
tt0316188,7.2,5806
tt0316356,7.4,81050
tt0316396,6.8,82347
tt0316465,6.9,45169
tt0316654,7.5,741107
tt0316732,4.6,46007
tt0317132,6.4,13150
tt0317198,6.0,128452
tt0317219,7.3,497839
tt0317248,8.6,832785
tt0317303,5.6,76052
tt0317648,6.7,87143
tt0317676,2.1,39200
tt0317705,8.0,848665
tt0317740,7.0,397443
tt0317919,6.9,402065
tt0318081,4.2,21139
tt0318155,5.8,41625
tt0318283,5.5,14080
tt0318627,6.1,215059
tt0318649,6.1,106213
tt0318974,6.1,22845
tt0319061,8.0,467930
tt0319262,6.5,494910
tt0319343,7.1,328904
tt0319736,8.1,17708
tt0319769,7.5,15800
tt0320244,6.2,17669
tt0320661,7.3,331234
tt0320691,7.0,292873
tt0322259,5.9,308599
tt0322330,6.3,159777
tt0322589,5.3,48386
tt0323033,5.9,25161
tt0323298,6.7,4780
tt0323944,7.1,38710
tt0324127,5.8,21811
tt0324133,6.7,49798
tt0324554,6.9,59729
tt0325005,5.5,1768
tt0325055,6.3,11434
tt0325703,5.5,148042
tt0325710,7.8,486685
tt0325805,7.3,141715
tt0325980,8.1,1257670
tt0326450,6.9,2883
tt0326769,4.7,14409
tt0326905,6.6,24333
tt0327036,5.4,1809
tt0327056,7.9,501636
tt0327084,6.7,195510
tt0327162,5.4,71674
tt0327247,5.5,59564
tt0327437,5.9,97088
tt0327554,3.4,128662
tt0327597,7.8,281830
tt0327679,6.3,77725
tt0327850,6.7,146035
tt0328107,7.7,401469
tt0328538,6.8,102713
tt0328589,6.7,62572
tt0328828,6.3,222497
tt0329028,3.5,43421
tt0329101,5.7,131337
tt0329575,7.3,78222
tt0329691,4.1,29997
tt0329717,5.3,40339
tt0329774,4.5,74995
tt0330373,7.7,712903
tt0330602,6.7,7052
tt0330691,4.9,5777
tt0330793,6.4,175364
tt0331282,7.0,2042
tt0331953,5.7,32087
tt0332047,6.2,48822
tt0332280,7.8,651303
tt0332379,7.2,343227
tt0332452,7.3,590139
tt0332605,7.0,2928
tt0332658,6.8,16926
tt0333780,4.8,75421
tt0335013,6.2,6957
tt0335121,4.8,26902
tt0335438,6.1,157508
tt0335559,5.6,30092
tt0335563,6.5,23933
tt0337563,6.3,230931
tt0337579,5.7,16447
tt0337692,6.0,43965
tt0337741,6.7,132518
tt0337909,6.9,28672
tt0337917,5.2,11201
tt0337921,6.5,107864
tt0337978,7.1,428178
tt0338013,8.3,1129416
tt0338094,5.2,58893
tt0338096,5.9,30059
tt0338135,7.5,30515
tt0338325,5.7,15896
tt0338337,6.3,115102
tt0338348,6.6,256489
tt0338427,6.3,25021
tt0338459,4.4,68616
tt0338466,5.8,55821
tt0338512,7.0,16209
tt0338526,6.1,296232
tt0338751,7.5,393677
tt0339034,1.9,27175
tt0339291,6.8,225787
tt0339412,5.6,15438
tt0339419,7.1,4785
tt0339727,5.8,2059
tt0340163,6.5,114658
tt0340855,7.3,167153
tt0342258,7.0,109832
tt0342735,7.2,25754
tt0343135,6.0,147206
tt0343660,6.8,396407
tt0343737,6.7,110440
tt0343818,7.1,594001
tt0343996,6.5,10035
tt0344854,6.0,42476
tt0345074,6.3,8777
tt0345551,7.0,18981
tt0345950,7.2,107217
tt0346156,6.1,88691
tt0346491,5.6,179661
tt0347149,8.2,478173
tt0348150,6.1,295486
tt0348333,6.7,109162
tt0348836,5.8,121785
tt0349159,3.0,540
tt0349205,5.9,111984
tt0349260,6.0,2998
tt0349467,5.2,17465
tt0349683,6.3,179184
tt0349710,6.5,60149
tt0349825,7.5,61009
tt0349903,6.5,424928
tt0350028,6.0,38776
tt0350258,7.7,160851
tt0350261,7.0,34859
tt0351283,6.9,455665
tt0351817,8.1,26265
tt0351977,6.3,111932
tt0352248,8.0,203596
tt0354766,5.6,6236
tt0354899,7.2,71470
tt0355295,5.9,128525
tt0355702,7.1,59415
tt0356150,6.6,232530
tt0356470,5.9,97286
tt0356614,6.4,11468
tt0356618,5.8,69428
tt0356634,5.1,97304
tt0356910,6.5,564085
tt0357110,6.5,12383
tt0357111,5.8,15527
tt0357277,4.7,101525
tt0357413,7.1,389030
tt0357507,4.2,33206
tt0358082,6.4,168077
tt0358135,6.2,50765
tt0358273,7.8,273279
tt0358349,4.6,16369
tt0359013,5.8,195147
tt0359423,6.6,14157
tt0359517,4.6,8650
tt0359950,7.3,353223
tt0360009,6.5,33495
tt0360016,5.6,2472
tt0360201,6.3,67992
tt0360323,6.2,7186
tt0360486,7.0,389821
tt0360717,7.2,457620
tt0361089,5.5,25077
tt0361309,6.2,10215
tt0361467,4.7,32333
tt0361696,5.8,29385
tt0361748,8.4,1667784
tt0361841,5.3,19407
tt0361862,7.6,427529
tt0361925,5.3,14126
tt0362120,5.1,133215
tt0362227,7.4,511600
tt0362270,7.2,215264
tt0362478,5.6,96629
tt0363163,8.2,386473
tt0363547,7.2,280170
tt0363589,7.1,100146
tt0363771,6.9,441802
tt0363988,6.5,215175
tt0364045,6.2,98453
tt0364569,8.3,673350
tt0364725,6.7,274891
tt0364751,5.8,52688
tt0364970,5.5,99453
tt0365125,5.1,13873
tt0365485,6.7,46882
tt0365675,6.3,13385
tt0365737,6.9,136183
tt0365748,7.9,616342
tt0365830,6.8,117097
tt0365907,6.5,129574
tt0365929,5.5,41672
tt0366174,4.7,35243
tt0366548,6.4,206135
tt0366551,7.0,210759
tt0366627,7.1,121726
tt0366780,6.7,23965
tt0367027,6.4,36188
tt0367085,4.6,25269
tt0367089,7.3,92656
tt0367479,6.2,50771
tt0367594,6.7,548290
tt0367652,4.7,54519
tt0367882,6.2,501483
tt0367959,6.1,118788
tt0368008,6.6,120000
tt0368400,7.9,4275
tt0368447,6.6,287443
tt0368578,4.8,35554
tt0368709,6.3,73997
tt0368774,6.2,7359
tt0368794,6.8,62542
tt0368891,6.9,365758
tt0368933,5.9,92861
tt0369226,2.4,47703
tt0369339,7.5,446705
tt0369436,5.7,84714
tt0369441,6.2,158100
tt0369702,8.0,86760
tt0369735,5.6,67181
tt0370032,4.4,85147
tt0370263,5.7,222519
tt0371246,6.4,90404
tt0371257,6.7,89161
tt0371606,5.7,104466
tt0371724,6.7,212152
tt0371746,7.9,1165808
tt0372183,7.7,498432
tt0372237,5.9,47017
tt0372532,6.1,57651
tt0372588,7.2,181838
tt0372784,8.2,1636853
tt0372873,3.5,25645
tt0373051,5.8,135607
tt0373074,7.7,156177
tt0373469,7.5,242289
tt0373883,6.0,134629
tt0373889,7.5,662170
tt0373926,6.4,112332
tt0374536,4.8,76791
tt0374563,4.6,23970
tt0375063,7.5,210199
tt0375154,6.8,54978
tt0375173,6.2,55728
tt0375210,5.5,51621
tt0375568,6.2,41239
tt0375912,7.2,201743
tt0376105,5.2,18696
tt0376108,5.2,13860
tt0376136,6.1,109089
tt0376196,5.7,4332
tt0376541,7.2,243435
tt0376994,6.6,557609
tt0377062,6.1,57706
tt0377091,7.1,33964
tt0377092,7.1,458302
tt0377107,6.7,46886
tt0377109,5.4,103304
tt0377321,7.5,1673
tt0377471,5.6,73530
tt0377701,6.8,2639
tt0377818,5.1,83141
tt0377981,5.9,61566
tt0377992,7.8,4387
tt0378109,5.9,81420
tt0378194,8.0,833789
tt0379725,7.3,144840
tt0379786,7.8,310003
tt0379865,6.0,33935
tt0380389,6.7,67172
tt0380510,6.6,185113
tt0380599,6.8,34953
tt0380817,6.2,9072
tt0381061,8.0,714662
tt0381442,6.2,2907
tt0381681,8.1,300205
tt0381707,5.8,176002
tt0381849,7.6,341734
tt0381936,7.1,8305
tt0381971,6.5,18789
tt0382077,5.9,90614
tt0382625,6.6,470664
tt0382628,5.6,66635
tt0382932,8.1,876965
tt0382992,5.1,57323
tt0383010,5.1,33792
tt0383060,4.4,23334
tt0383222,3.0,37808
tt0383574,7.4,793148
tt0384369,7.4,18437
tt0384533,5.3,8411
tt0384537,6.5,251619
tt0384642,5.6,41750
tt0384680,6.6,84669
tt0384793,6.4,142478
tt0384806,5.9,119925
tt0385752,6.1,200060
tt0385880,6.7,145976
tt0386032,8.0,77611
tt0386117,6.7,110127
tt0386140,6.0,110712
tt0386588,6.6,341610
tt0386741,6.6,16585
tt0387055,5.5,6773
tt0387059,5.5,7331
tt0387131,7.3,152104
tt0387575,4.9,52068
tt0387808,6.5,198065
tt0387877,5.6,78322
tt0388139,7.2,20951
tt0388482,6.3,220407
tt0388500,5.6,19395
tt0388980,7.4,34591
tt0389326,7.8,4713
tt0389557,7.7,82010
tt0389722,6.6,194906
tt0389790,6.1,187111
tt0389860,6.4,369899
tt0390022,7.2,68621
tt0391304,6.6,72268
tt0392465,6.7,9486
tt0393109,7.1,112018
tt0393162,7.3,179253
tt0393329,5.8,1606
tt0393597,7.9,14824
tt0393735,4.4,20569
tt0395119,6.1,14246
tt0395169,8.1,382275
tt0395251,6.4,45674
tt0395495,5.9,29287
tt0395699,5.6,103545
tt0395972,7.3,45978
tt0396171,7.5,272199
tt0396269,7.0,385588
tt0396555,6.8,116052
tt0396652,6.1,30216
tt0396707,6.0,11418
tt0396752,6.6,88361
tt0397065,5.5,139105
tt0397078,5.5,63512
tt0397101,6.5,127011
tt0397313,7.3,69954
tt0397535,7.3,166253
tt0397892,6.8,237705
tt0398017,6.6,77680
tt0398027,6.4,19226
tt0398165,6.4,202237
tt0398286,7.7,516906
tt0398375,5.5,63208
tt0398712,6.3,83048
tt0398808,7.2,181113
tt0398913,4.8,47037
tt0399146,7.4,263074
tt0399201,6.8,333537
tt0399295,7.6,347350
tt0399854,6.5,16986
tt0399901,6.6,1065
tt0400497,4.9,52315
tt0400717,6.1,109509
tt0401233,6.9,18772
tt0401383,8.0,111558
tt0401445,6.9,104103
tt0401711,7.2,75398
tt0401729,6.6,292232
tt0401792,8.0,805578
tt0401815,5.0,11408
tt0401855,6.7,213432
tt0402022,5.4,134779
tt0402158,5.8,12340
tt0402399,6.7,91845
tt0402901,5.2,42692
tt0402910,6.4,59191
tt0403358,6.4,56123
tt0403508,6.5,66671
tt0403703,5.0,9318
tt0404030,7.4,60683
tt0404032,6.7,144287
tt0404203,7.5,119311
tt0404390,7.3,105032
tt0405159,8.1,743075
tt0405296,7.0,119660
tt0405325,6.3,97515
tt0405336,5.3,41482
tt0405422,7.1,483117
tt0405469,5.2,28569
tt0405508,8.1,124078
tt0405676,6.1,26044
tt0405821,6.0,13924
tt0406375,6.3,120032
tt0406759,5.4,57696
tt0406816,6.9,100596
tt0407304,6.5,488177
tt0407887,8.5,1478292
tt0408236,7.3,396473
tt0408306,7.5,246437
tt0408345,5.8,60412
tt0408524,5.8,23356
tt0408790,6.3,175685
tt0408839,5.8,98035
tt0408985,6.6,39995
tt0409182,5.7,112724
tt0409184,7.0,21603
tt0409345,6.3,18767
tt0409459,7.6,596122
tt0409527,5.1,1562
tt0409847,6.0,236824
tt0409904,6.4,35835
tt0410097,7.3,44318
tt0410297,6.8,161116
tt0410377,6.0,37540
tt0410454,6.5,1235
tt0410764,6.3,35310
tt0411061,5.9,79271
tt0411477,7.0,292510
tt0411705,4.8,24644
tt0411951,4.8,29007
tt0412019,7.1,108479
tt0412536,6.6,13926
tt0413099,5.4,158670
tt0413267,6.1,345415
tt0413300,6.3,664328
tt0413895,6.3,48034
tt0414055,6.8,76656
tt0414387,7.8,348255
tt0414852,7.1,75431
tt0414853,5.6,36182
tt0414951,6.1,17916
tt0414982,5.8,161310
tt0414993,7.2,252664
tt0415003,5.6,5177
tt0415306,6.6,206385
tt0415481,7.1,3829
tt0415678,5.8,2312
tt0416044,7.2,50272
tt0416212,7.2,28801
tt0416236,6.5,105597
tt0416292,7.1,2036
tt0416320,7.6,233062
tt0416449,7.6,887253
tt0416496,5.7,38082
tt0416508,7.0,66577
tt0417001,5.9,33609
tt0417148,5.5,146917
tt0417217,6.2,50850
tt0417241,7.1,2825
tt0417385,7.4,7403
tt0417397,7.1,22069
tt0417433,5.8,22257
tt0417741,7.6,623923
tt0418110,7.2,9908
tt0418279,7.1,694293
tt0418460,6.6,11237
tt0418689,7.1,131653
tt0418753,6.7,7121
tt0418763,7.0,214666
tt0418819,6.2,102857
tt0419294,7.3,42483
tt0419663,3.7,1525
tt0419706,5.2,121094
tt0419749,7.0,37106
tt0419843,6.4,33133
tt0419887,7.6,83710
tt0419946,4.8,36579
tt0420223,7.5,240233
tt0420238,6.1,40675
tt0420332,7.8,59536
tt0420609,7.0,18506
tt0421054,5.9,70375
tt0421073,6.8,123419
tt0421206,7.1,82277
tt0421229,7.6,4442
tt0421238,7.3,56269
tt0421239,6.5,154033
tt0421715,7.8,718290
tt0421729,4.8,47746
tt0422091,6.6,23448
tt0422295,6.3,16555
tt0422720,6.5,126701
tt0423169,6.6,12188
tt0423294,6.7,95867
tt0424095,6.6,143720
tt0424136,7.0,171585
tt0424205,7.6,33059
tt0424345,7.3,142510
tt0424774,3.8,44281
tt0424993,5.6,51317
tt0425061,6.5,232730
tt0425112,7.8,549848
tt0425123,6.7,120695
tt0425210,7.7,331590
tt0425413,6.5,70433
tt0425430,5.3,41778
tt0425598,7.2,9733
tt0425601,7.1,13842
tt0425637,7.3,49380
tt0426592,4.7,79254
tt0426931,7.4,112703
tt0427152,5.9,113187
tt0427229,5.7,91070
tt0427309,7.5,64827
tt0427327,6.7,141982
tt0427392,5.9,85253
tt0427470,6.9,61150
tt0427944,7.5,232091
tt0427954,7.0,39741
tt0429493,6.7,272486
tt0429589,5.8,42940
tt0429591,5.4,46593
tt0430105,6.8,163454
tt0430304,4.5,62481
tt0430308,5.5,51862
tt0430357,6.1,126961
tt0430431,6.0,8012
tt0430770,5.0,23735
tt0430912,4.4,42599
tt0430922,6.8,245163
tt0431021,5.9,64550
tt0431197,7.0,134770
tt0431308,7.0,221908
tt0431461,5.1,213
tt0432021,6.2,210071
tt0432047,7.6,17823
tt0432283,7.9,283867
tt0432291,3.7,40176
tt0433035,7.1,368863
tt0433350,6.8,6016
tt0433362,6.4,137666
tt0433383,7.4,102724
tt0433386,5.1,52416
tt0433387,6.8,69591
tt0433398,7.2,951
tt0433416,7.5,22222
tt0433442,4.7,12501
tt0434215,6.0,8708
tt0434409,8.1,1210116
tt0434424,4.2,2967
tt0435528,5.7,10275
tt0435623,6.9,13322
tt0435651,6.4,128100
tt0435670,6.1,36891
tt0435680,6.7,20021
tt0435705,6.2,170099
tt0435761,8.3,925916
tt0436331,5.8,32623
tt0436339,5.1,51595
tt0436613,7.7,10577
tt0436697,7.3,117508
tt0437447,7.3,5731
tt0437800,7.4,22289
tt0437954,4.7,9364
tt0438097,6.8,306403
tt0438488,6.5,384823
tt0439182,6.2,1245
tt0439289,6.1,23436
tt0439630,6.3,10093
tt0439662,7.1,35982
tt0440963,8.0,669669
tt0441007,6.1,4375
tt0441048,6.6,31214
tt0441773,7.6,547227
tt0441796,5.0,34807
tt0441909,7.6,109871
tt0442781,7.3,3902
tt0442933,6.3,177003
tt0443272,7.3,277932
tt0443274,6.6,155728
tt0443295,5.5,31144
tt0443431,5.0,9655
tt0443489,6.6,78750
tt0443536,6.5,68643
tt0443543,7.5,396302
tt0443632,6.1,55591
tt0443649,5.1,137352
tt0443680,7.5,197473
tt0443701,5.9,95101
tt0443706,7.7,631126
tt0444182,7.0,15358
tt0444682,5.6,45237
tt0445946,5.6,26569
tt0446013,5.4,46892
tt0446029,7.5,479749
tt0446046,6.6,27030
tt0448011,6.2,254888
tt0448124,7.4,13572
tt0448134,7.2,275219
tt0448157,6.4,525569
tt0449010,5.1,132352
tt0449086,5.1,14205
tt0449088,7.1,715744
tt0449089,5.6,65016
tt0449467,7.5,323180
tt0449487,5.8,40100
tt0449994,7.5,35547
tt0449999,6.1,22701
tt0450232,6.6,136458
tt0450259,8.0,604494
tt0450314,5.9,68836
tt0450340,6.4,31914
tt0450345,3.8,73132
tt0450385,6.8,303316
tt0450405,5.8,48863
tt0451038,5.4,1250
tt0451079,6.8,154092
tt0451279,7.3,716702
tt0452594,5.8,141763
tt0452598,5.5,64521
tt0452608,6.4,223354
tt0452623,7.6,301082
tt0452624,6.0,26452
tt0452625,5.6,96625
tt0452637,5.5,106157
tt0452681,4.8,44592
tt0452694,7.1,161644
tt0452702,6.2,110552
tt0453365,5.5,2365
tt0453451,6.4,137762
tt0453467,7.1,336014
tt0453556,6.2,70643
tt0453562,7.5,105437
tt0454082,4.7,31984
tt0454824,6.5,45360
tt0454841,6.4,189440
tt0454848,7.6,410706
tt0454876,7.9,682788
tt0454919,4.7,31551
tt0454921,8.0,587693
tt0454945,6.4,183038
tt0454987,5.9,26870
tt0455407,6.5,133070
tt0455537,3.9,770
tt0455538,6.4,71411
tt0455590,7.6,200458
tt0455612,5.3,12296
tt0455760,6.1,104975
tt0455824,6.6,131821
tt0455857,5.1,49820
tt0455944,7.3,442224
tt0455957,6.9,32416
tt0455960,5.6,46594
tt0455967,5.7,90239
tt0456047,8.4,7617
tt0457400,5.3,77171
tt0457430,8.2,721860
tt0457433,5.7,52781
tt0457495,5.1,26038
tt0457510,5.9,97062
tt0457513,6.6,89004
tt0457530,6.2,798
tt0457572,6.7,30597
tt0457939,7.0,346914
tt0458242,6.8,8406
tt0458339,6.9,927111
tt0458352,6.9,495924
tt0458481,6.5,174154
tt0458525,6.5,552411
tt0459759,5.7,1140
tt0460505,7.6,5508
tt0460611,6.2,512
tt0460989,7.5,56556
tt0461770,7.1,223061
tt0462200,6.9,67584
tt0462229,4.6,12369
tt0462244,3.2,18327
tt0462338,6.7,17412
tt0462396,5.4,37656
tt0462465,6.2,79998
tt0462499,7.0,250301
tt0462504,7.3,113351
tt0462519,5.9,31267
tt0462538,7.3,356637
tt0462579,5.8,1160
tt0462590,6.5,130248
tt0463034,5.6,85425
tt0463854,6.9,307772
tt0463872,5.2,33662
tt0463985,6.1,313235
tt0463998,7.6,88461
tt0464041,6.0,19685
tt0464049,6.8,21878
tt0464154,5.5,99306
tt0464665,6.6,756
tt0465142,5.5,25434
tt0465234,6.5,260560
tt0465407,5.6,1023
tt0465436,6.5,12565
tt0465494,6.2,182688
tt0465502,5.9,24662
tt0465538,7.2,178035
tt0465551,7.4,86992
tt0465580,6.1,117346
tt0465602,6.6,156985
tt0465967,7.0,2950
tt0466342,2.8,63158
tt0466399,6.9,5220
tt0466816,6.9,13332
tt0466839,6.0,20034
tt0466856,6.2,12561
tt0466893,6.5,18815
tt0466909,5.5,64907
tt0467197,5.3,131899
tt0468489,7.1,93686
tt0468492,7.1,137725
tt0468565,7.2,31949
tt0468569,9.0,2998679
tt0469021,6.9,33450
tt0469263,6.3,23542
tt0469494,8.2,666460
tt0469623,7.1,30171
tt0469641,6.0,89391
tt0469903,7.2,23202
tt0470705,6.1,39150
tt0470752,7.7,614408
tt0470765,6.3,16515
tt0471042,6.2,153933
tt0472033,7.0,152272
tt0472043,7.8,343196
tt0472062,7.0,127576
tt0472071,5.8,10678
tt0472126,6.8,1830
tt0472181,5.4,100044
tt0472259,6.0,4262
tt0472399,6.5,177678
tt0473024,2.2,9518
tt0473075,6.5,310678
tt0473102,6.9,4362
tt0473188,5.8,15589
tt0473367,7.4,28826
tt0473705,7.1,163578
tt0473709,6.5,6118
tt0475276,7.6,113026
tt0475290,6.3,146254
tt0475298,4.1,3277
tt0475394,6.6,154747
tt0475944,5.2,53556
tt0476527,6.6,6864
tt0476964,6.7,64581
tt0477051,4.2,82959
tt0477071,5.9,83116
tt0477080,6.8,212989
tt0477302,6.9,106439
tt0477337,4.8,938
tt0477347,6.5,391350
tt0477348,8.2,1113497
tt0478087,6.8,272971
tt0478134,7.2,76252
tt0478304,6.8,187527
tt0478311,6.9,391378
tt0478970,7.2,746445
tt0479143,7.1,236610
tt0479162,6.7,5969
tt0479537,6.6,35597
tt0479647,6.7,13388
tt0479751,7.6,22676
tt0479884,6.9,270135
tt0479952,6.6,258095
tt0479997,5.4,100286
tt0480025,7.7,131473
tt0480239,5.6,14534
tt0480242,6.8,108853
tt0480249,7.2,845117
tt0480255,6.2,109059
tt0480669,7.1,71454
tt0480687,5.9,133346
tt0481141,6.3,81084
tt0481369,6.4,216829
tt0481499,7.1,240643
tt0481536,6.5,143891
tt0482527,6.2,43620
tt0482546,7.0,32928
tt0482571,8.5,1504498
tt0482572,6.6,64540
tt0482603,4.5,12917
tt0482606,6.1,151030
tt0483607,5.9,81187
tt0483726,6.2,36046
tt0483756,6.1,6235
tt0484111,5.7,8822
tt0484740,6.4,24506
tt0485947,7.7,251247
tt0485985,5.9,37839
tt0486551,6.2,72475
tt0486576,5.6,285063
tt0486583,5.7,49430
tt0486655,7.6,291303
tt0486674,5.6,28895
tt0486822,6.8,264209
tt0488478,7.5,15647
tt0489037,7.6,12838
tt0489099,6.1,330392
tt0489235,6.1,25374
tt0489237,6.2,65597
tt0489244,3.1,3976
tt0489281,6.4,21175
tt0490170,2.6,2721
tt0490181,5.2,27433
tt0490204,7.4,100910
tt0490215,7.2,127044
tt0491152,5.8,66353
tt0492389,3.9,18714
tt0492619,6.2,13938
tt0492956,6.4,102256
tt0493405,6.0,52381
tt0493430,7.0,81407
tt0493464,6.7,418773
tt0494238,6.1,83763
tt0494652,5.5,16161
tt0495596,6.3,46172
tt0496328,5.4,3061
tt0496806,6.9,376159
tt0497465,7.1,273989
tt0498353,5.5,98924
tt0498380,7.8,173290
tt0498381,4.5,44331
tt0498399,6.8,94816
tt0499375,7.7,25537
tt0499448,6.5,231898
tt0499554,5.9,28317
tt0499556,6.2,98912
tt0758730,4.6,140068
tt0758742,7.5,32575
tt0758746,5.5,121428
tt0758752,6.7,234279
tt0758758,8.1,676326
tt0758766,6.5,109301
tt0758774,7.0,244410
tt0758794,7.1,66216
tt0760329,6.4,43748
tt0762107,5.9,156948
tt0762114,5.3,41202
tt0762125,6.0,59953
tt0763831,5.9,46243
tt0765010,7.1,159090
tt0765120,6.6,57563
tt0765429,7.8,469727
tt0765443,7.6,269702
tt0765446,5.8,27390
tt0765476,5.1,44778
tt0770703,6.0,89565
tt0770752,5.7,86738
tt0770772,5.5,17783
tt0770828,7.1,831192
tt0775489,7.4,37012
tt0775539,5.4,26804
tt0775552,5.4,25100
tt0778661,5.9,8544
tt0780504,7.8,732137
tt0780516,6.7,27283
tt0780521,7.2,176232
tt0780536,7.9,477259
tt0780571,7.3,160207
tt0780607,6.0,22186
tt0783233,7.8,312051
tt0785006,5.5,25668
tt0785035,6.2,32445
tt0787474,6.8,63065
tt0790623,6.2,21269
tt0790628,5.9,76919
tt0790686,6.1,116276
tt0790712,7.1,37545
tt0790724,7.0,377606
tt0790736,5.6,147588
tt0795351,6.2,95424
tt0795441,7.0,13767
tt0795461,3.6,79801
tt0796366,7.9,628461
tt0796375,6.4,19207
tt0799949,2.4,111171
tt0800039,7.1,309467
tt0800080,6.6,540890
tt0800164,5.4,500
tt0800240,6.0,41581
tt0800241,6.6,55560
tt0800308,6.7,66196
tt0800320,5.8,298306
tt0800369,7.0,928246
tt0801526,6.0,7744
tt0803096,6.7,288007
tt0804461,6.7,76146
tt0804497,7.1,150130
tt0804507,5.0,11518
tt0804516,5.9,37765
tt0804522,6.8,58961
tt0804529,6.0,6756
tt0805564,7.3,161417
tt0805570,6.0,73341
tt0807944,7.1,2928
tt0808151,6.7,316515
tt0808279,6.5,106978
tt0808399,6.2,48877
tt0808510,5.0,51277
tt0808526,6.4,8035
tt0810784,6.9,29185
tt0810819,7.1,203003
tt0810913,3.3,92810
tt0810922,6.3,56684
tt0811066,7.1,11171
tt0811080,6.1,80388
tt0811138,3.8,55855
tt0814005,5.7,262
tt0814022,5.3,58917
tt0814255,5.9,208570
tt0814314,7.6,320320
tt0814666,6.7,1537
tt0815236,6.4,148961
tt0815244,6.2,52397
tt0816462,5.2,104041
tt0816692,8.7,2315934
tt0816711,7.0,748979
tt0817177,7.7,101750
tt0817230,5.8,127601
tt0821642,6.7,56006
tt0822832,7.0,171537
tt0822847,5.7,126397
tt0822854,7.1,365248
tt0824747,7.7,270051
tt0825232,7.4,265467
tt0829150,6.2,215127
tt0829459,6.6,28473
tt0829482,7.6,659522
tt0830515,6.5,481610
tt0831387,6.4,452624
tt0831887,4.7,63549
tt0834001,6.5,171370
tt0837562,7.0,295079
tt0838221,7.2,222684
tt0838247,5.9,42144
tt0838283,6.9,329475
tt0840361,7.5,428776
tt0841046,6.8,79046
tt0842926,7.0,135890
tt0843326,8.2,10437
tt0844286,6.7,53277
tt0844471,6.9,270096
tt0844671,4.6,12765
tt0844708,6.5,103946
tt0844993,4.7,14371
tt0845046,7.0,33276
tt0846040,7.0,6844
tt0848228,8.0,1500774
tt0848537,6.6,111938
tt0848538,4.8,3818
tt0848557,5.5,50094
tt0850253,6.6,15357
tt0852713,5.6,92645
tt0853096,6.3,7061
tt0854678,7.5,17086
tt0857190,6.1,20785
tt0858479,6.1,23599
tt0858486,6.5,12373
tt0859163,5.2,175003
tt0861689,6.5,76134
tt0862467,6.0,65102
tt0862846,6.8,75162
tt0864835,6.7,80770
tt0865554,4.9,17788
tt0865556,6.5,111320
tt0865559,5.9,21156
tt0866439,5.8,77778
tt0869994,6.8,13007
tt0870984,6.5,140461
tt0871426,6.0,48256
tt0872230,4.8,22079
tt0873886,6.1,68880
tt0875034,5.8,45829
tt0876563,7.6,173307
tt0879843,7.0,17769
tt0879870,5.8,109762
tt0880502,7.7,34591
tt0880578,6.2,53962
tt0881200,7.3,7461
tt0881320,5.9,57959
tt0881891,4.8,45176
tt0882977,6.4,94151
tt0884224,5.5,22756
tt0884328,7.1,356379
tt0884726,4.9,6397
tt0884732,6.6,82303
tt0887745,6.6,1846
tt0887883,7.0,362688
tt0887912,7.5,483319
tt0887971,4.8,7555
tt0889573,6.1,114535
tt0889588,7.0,10093
tt0891527,6.2,54076
tt0891592,3.7,25748
tt0892375,8.4,2952
tt0892767,5.5,24754
tt0892769,8.1,837154
tt0892782,6.4,181744
tt0892791,6.3,233856
tt0897361,3.6,31474
tt0898367,7.2,262190
tt0899106,5.7,34396
tt0900387,7.0,29529
tt0901476,5.5,118908
tt0902272,6.9,21850
tt0903624,7.8,899261
tt0903627,7.0,7098
tt0905372,6.2,149881
tt0906108,5.9,14312
tt0906665,6.1,16054
tt0907119,5.5,1155
tt0910936,6.9,364169
tt0910970,8.4,1251883
tt0912593,8.2,8730
tt0913354,5.7,32352
tt0914797,6.8,18493
tt0914798,7.7,260575
tt0918628,4.6,2023
tt0918927,7.5,140885
tt0918940,6.2,192809
tt0924129,6.7,24984
tt0926084,7.7,626916
tt0929632,7.3,118286
tt0933361,6.4,726
tt0935075,7.0,52028
tt0936501,7.7,652574
tt0937237,6.1,11461
tt0938283,4.0,177933
tt0938330,4.9,68384
tt0942385,7.1,465273
tt0942903,7.2,24476
tt0944114,5.5,795
tt0944835,6.5,336505
tt0945513,7.5,565411
tt0947802,6.2,57599
tt0947810,6.8,144871
tt0948470,6.9,728780
tt0948530,7.2,4364
tt0949731,5.0,221983
tt0952640,5.3,99034
tt0954990,6.7,9075
tt0955308,6.6,289786
tt0959337,7.3,229646
tt0960144,5.6,220079
tt0960731,6.0,103490
tt0962736,7.2,67992
tt0963178,6.5,102285
tt0963966,6.1,173059
tt0964185,6.8,14018
tt0964517,7.8,397712
tt0968264,6.9,30445
tt0970179,7.5,342520
tt0970411,6.4,71314
tt0970416,5.5,182247
tt0970452,6.1,78583
tt0970866,5.5,122558
tt0971209,6.5,78152
tt0972558,5.1,5920
tt0974554,6.7,23511
tt0974613,5.4,12718
tt0974661,6.4,223773
tt0976051,7.6,267797
tt0976222,6.3,15404
tt0976238,5.3,40135
tt0976247,4.6,9296
tt0977855,6.8,51890
tt0978762,8.1,194944
tt0978764,6.1,256387
tt0980970,6.3,171434
tt0981042,7.0,3195
tt0981227,6.6,96295
tt0983193,7.3,248393
tt0984177,7.3,2145
tt0984202,7.6,2449
tt0985694,6.6,206847
tt0985699,7.1,265775
tt0986263,6.3,182384
tt0988045,7.6,687727
tt0988047,6.9,60017
tt0988595,6.1,180321
tt0989757,6.3,160613
tt0990407,5.8,166552
tt0993842,6.7,210438
tt0993846,8.2,1669427
tt0999913,5.8,36818
tt1000774,5.7,130110
tt1001508,6.4,187701
tt1001526,7.3,307866
tt1002563,5.7,3982
tt1007028,6.5,184334
tt1007029,6.4,115024
tt1013743,6.3,216981
tt1013752,6.5,321801
tt1013753,7.5,182400
tt1013860,5.1,15858
tt1014759,6.4,453351
tt1014763,6.4,77551
tt1014775,4.0,26610
tt1017451,6.5,51723
tt1018765,6.1,23688
tt1018785,6.2,31320
tt1018818,6.2,16512
tt1019452,7.0,153909
tt1020072,7.5,97304
tt1020558,6.3,87897
tt1022603,7.7,586131
tt1023111,6.5,108691
tt1023114,7.3,124457
tt1023481,6.2,92703
tt1023490,7.2,19692
tt1024255,6.1,66170
tt1024648,7.7,650706
tt1024715,6.4,34202
tt1024943,6.8,52125
tt1027718,6.2,108052
tt1027862,6.1,19863
tt1028528,7.0,323101
tt1028532,8.1,325723
tt1028576,7.2,31454
tt1029360,4.9,63014
tt1031969,6.2,40634
tt1032751,6.2,27626
tt1032755,7.2,269911
tt1032815,5.3,38285
tt1032825,6.3,20015
tt1032846,7.9,64537
tt1033575,7.3,255800
tt1033643,6.1,191383
tt1034032,5.7,141613
tt1034303,7.1,158342
tt1034314,5.9,97447
tt1034331,6.0,93724
tt1034389,6.2,75774
tt1037163,7.1,2898
tt1037705,6.8,349984
tt1038686,5.3,115606
tt1038919,5.5,136916
tt1039952,7.2,3741
tt1041804,4.1,4342
tt1041829,6.8,378500
tt1043726,4.3,57007
tt1045658,7.7,757545
tt1045772,6.6,101484
tt1045778,4.9,105985
tt1046163,5.8,47258
tt1046173,5.7,217641
tt1046198,7.3,973
tt1046997,6.1,19386
tt1047540,6.0,27091
tt1049413,8.3,1173207
tt1051904,6.3,98469
tt1053424,6.3,112433
tt1053810,6.2,49294
tt1053859,4.6,20157
tt1054122,6.6,5609
tt1054606,6.8,155640
tt1055292,6.5,141633
tt1055369,6.0,440030
tt1057500,7.3,170827
tt1058017,6.4,153221
tt1059786,6.6,198053
tt1060249,2.0,2773
tt1060277,7.0,432078
tt1063669,7.6,118069
tt1064932,7.1,46193
tt1067106,6.8,135301
tt1067583,6.9,122145
tt1067774,5.8,50379
tt1068242,5.9,54085
tt1068680,6.8,393331
tt1071812,7.3,8413
tt1071875,4.3,129854
tt1073241,7.1,40693
tt1073498,2.8,113183
tt1074638,7.8,748185
tt1075114,6.9,3387
tt1075417,5.7,64500
tt1075747,4.7,63068
tt1077368,6.2,287367
tt1078588,7.3,100599
tt1078912,6.0,219724
tt1078940,5.5,117865
tt1080016,6.9,274161
tt1082868,6.0,80153
tt1082886,6.9,31484
tt1083452,7.3,103860
tt1083456,6.1,46781
tt1086772,6.5,151018
tt1091191,7.5,314595
tt1091229,4.3,10008
tt1091617,3.7,12253
tt1091722,6.8,171926
tt1092026,6.9,273062
tt1093357,4.9,64847
tt1093370,7.9,61608
tt1093908,5.9,85217
tt1094241,7.0,2875
tt1095174,5.7,25760
tt1095217,6.6,82705
tt1100089,7.0,152174
tt1100119,4.7,8224
tt1103153,5.5,97925
tt1103275,7.0,44669
tt1103982,5.5,17477
tt1104001,6.8,363969
tt1105733,5.3,6265
tt1106860,5.9,10264
tt1107319,6.4,11611
tt1107828,5.1,100
tt1109624,7.3,145674
tt1110037,3.2,240
tt1111422,6.4,212174
tt1114677,4.7,47109
tt1114740,5.3,120591
tt1116184,7.0,69731
tt1120985,7.3,217610
tt1121096,5.5,81918
tt1121931,6.1,163005
tt1123373,6.6,12123
tt1124035,7.1,234978
tt1124037,6.9,66171
tt1124052,7.7,12035
tt1124396,3.0,2348
tt1125849,7.9,324873
tt1126590,7.0,102060
tt1126591,6.4,96109
tt1126618,6.5,85225
tt1127180,6.6,223686
tt1129442,6.1,180987
tt1129445,5.8,13939
tt1130080,6.5,68588
tt1130884,8.2,1536479
tt1130988,7.0,40839
tt1131729,7.3,118081
tt1131734,5.5,160522
tt1132449,4.9,12264
tt1132620,7.8,226410
tt1133985,5.5,302614
tt1135084,6.2,67100
tt1135487,6.1,52907
tt1135503,7.0,132027
tt1135985,6.5,93747
tt1136608,7.9,733193
tt1139282,6.1,6128
tt1139328,7.2,173638
tt1139668,4.7,54025
tt1139797,7.8,232688
tt1142433,5.3,15371
tt1142977,6.9,121586
tt1142988,6.4,235821
tt1144551,6.3,1559
tt1144884,5.1,121221
tt1146325,5.8,17212
tt1148204,7.0,265007
tt1149361,7.1,31659
tt1151359,6.4,28290
tt1152398,5.5,80893
tt1152822,6.3,7810
tt1152836,6.9,327434
tt1153040,5.5,5431
tt1155056,7.0,221212
tt1155076,6.2,214896
tt1155705,6.6,2878
tt1156398,7.5,642316
tt1160368,5.6,31153
tt1161864,6.0,104192
tt1166100,7.4,68861
tt1170358,7.8,728823
tt1170391,5.2,1785
tt1171222,5.1,9867
tt1171701,8.0,36115
tt1172049,7.0,121067
tt1172060,3.5,3050
tt1172233,6.9,71289
tt1172570,7.0,144419
tt1172991,6.7,49649
tt1174730,7.3,32938
tt1174732,7.2,139512
tt1175491,6.3,50752
tt1175506,6.7,12111
tt1176740,7.0,55812
tt1178663,7.1,77911
tt1178665,6.4,30805
tt1179025,6.3,23536
tt1179034,6.4,123561
tt1179056,5.2,110814
tt1179069,6.0,37806
tt1179258,6.1,11870
tt1179891,5.4,62739
tt1179933,7.2,369374
tt1180583,8.2,14994
tt1181614,6.0,11362
tt1182345,7.8,384670
tt1182972,6.2,12988
tt1183251,5.8,14187
tt1185344,6.1,1950
tt1185420,6.4,16636
tt1185616,8.0,61605
tt1185834,5.9,75957
tt1186366,7.2,4335
tt1186367,6.3,77299
tt1186830,7.1,74434
tt1187043,8.4,454973
tt1188729,6.7,163426
tt1188996,7.9,119237
tt1189073,7.6,173233
tt1189340,7.3,261286
tt1190080,5.8,408853
tt1190536,7.4,53100
tt1190617,4.0,10230
tt1191111,7.2,91101
tt1192628,7.3,303519
tt1193138,7.4,354581
tt1193631,6.2,61246
tt1194173,6.6,321325
tt1194417,6.2,17971
tt1195478,6.2,103737
tt1196141,6.2,61325
tt1196340,6.5,6779
tt1197624,7.4,332206
tt1198138,5.0,35117
tt1201167,6.3,125241
tt1204342,7.1,98693
tt1204975,6.6,138398
tt1205489,8.1,835719
tt1205537,6.2,140353
tt1206543,6.7,128221
tt1210042,6.7,67474
tt1210071,5.1,1878
tt1210166,7.6,483534
tt1210819,6.4,248289
tt1211837,7.5,837726
tt1211956,6.7,264083
tt1212419,6.5,96929
tt1212428,6.6,102305
tt1212436,5.3,53544
tt1212450,7.2,257968
tt1213012,5.1,15622
tt1213644,1.9,96005
tt1213648,6.2,51088
tt1213663,6.9,305148
tt1214961,7.9,6466
tt1214962,6.1,48680
tt1216475,6.2,233541
tt1216491,6.9,49451
tt1216492,6.4,113340
tt1216496,7.7,75840
tt1217209,7.1,459459
tt1217613,5.7,187255
tt1219289,7.4,627355
tt1219342,6.9,89367
tt1219827,6.3,233446
tt1220198,5.9,83923
tt1220628,5.2,8800
tt1220634,5.8,182940
tt1220719,8.0,237835
tt1220888,5.9,21835
tt1222817,5.2,67174
tt1224378,5.2,6798
tt1224449,6.6,566
tt1225822,6.1,51117
tt1226229,6.3,187799
tt1226273,6.6,101297
tt1226681,6.5,36864
tt1226753,6.8,72811
tt1227165,5.9,465
tt1228705,6.9,897712
tt1228953,6.6,10034
tt1228987,7.1,130096
tt1229238,7.4,540777
tt1229340,6.3,196868
tt1230215,6.0,5036
tt1230414,6.5,100585
tt1230448,6.4,14074
tt1231277,3.6,14735
tt1231580,4.6,57162
tt1231583,6.5,364470
tt1231587,6.4,191212
tt1232200,5.6,114596
tt1232207,7.4,44250
tt1232776,7.3,66514
tt1232783,5.2,33144
tt1232829,7.2,619635
tt1233227,6.0,130289
tt1234548,6.2,139660
tt1234719,5.3,82124
tt1234721,6.1,243909
tt1235189,6.7,41517
tt1235522,6.1,84713
tt1235796,6.8,23129
tt1239426,7.0,5475
tt1240982,5.5,105900
tt1242422,7.6,72304
tt1242432,6.2,97700
tt1242457,5.7,3543
tt1242460,7.4,173823
tt1242599,6.3,8178
tt1243957,6.0,262028
tt1243974,5.4,75569
tt1244659,6.4,18129
tt1244668,7.2,41567
tt1244754,7.2,47201
tt1245112,6.5,81291
tt1245492,6.6,443432
tt1245526,7.0,331291
tt1245736,3.6,863
tt1247640,6.5,46960
tt1247704,5.6,6699
tt1250777,7.6,607460
tt1253863,6.2,322600
tt1253864,6.0,179772
tt1255953,8.3,224308
tt1258972,5.4,64812
tt1259521,7.0,469769
tt1261945,4.5,86125
tt1262416,6.2,179493
tt1262981,6.9,41475
tt1263670,7.2,96540
tt1265990,4.8,42421
tt1267297,6.0,167783
tt1267500,4.0,1429
tt1268204,7.8,9443
tt1268799,6.2,73937
tt1270262,7.0,64586
tt1270761,5.5,51319
tt1270798,7.7,743850
tt1270835,5.5,15753
tt1272018,6.6,2222
tt1272051,5.0,1580
tt1272878,6.7,231269
tt1273678,5.5,48233
tt1274295,7.4,18544
tt1276104,7.4,615431
tt1276105,5.6,2997
tt1276419,7.5,52534
tt1277953,6.8,206639
tt1278340,6.3,71582
tt1279935,6.3,175689
tt1280558,8.1,83874
tt1282140,7.0,429949
tt1285016,7.8,786283
tt1285309,6.4,42325
tt1287468,4.4,16707
tt1288403,5.3,26903
tt1288558,6.5,205136
tt1289401,6.8,252534
tt1289406,7.2,92824
tt1291150,5.8,224826
tt1291549,5.8,2616
tt1291580,7.0,46233
tt1291584,8.1,511913
tt1292566,6.1,96717
tt1293847,5.2,99292
tt1294213,6.3,17427
tt1294688,6.5,51493
tt1297919,6.1,93661
tt1298649,5.7,134973
tt1298650,6.6,583269
tt1300851,6.2,67803
tt1300854,7.1,927015
tt1302011,7.3,336582
tt1302067,4.6,23976
tt1303828,6.7,37861
tt1305583,5.1,7585
tt1305591,5.4,24584
tt1305797,7.2,31711
tt1306980,7.6,347370
tt1307068,6.7,121109
tt1308138,6.6,7016
tt1308729,5.7,53288
tt1311067,4.8,61908
tt1313092,7.2,61809
tt1314228,4.9,43573
tt1314655,6.3,161917
tt1318514,7.6,590961
tt1320239,6.1,21665
tt1320253,6.4,371774
tt1320261,4.9,75507
tt1321509,5.7,55272
tt1321511,5.8,82677
tt1321860,6.6,51411
tt1321865,7.6,14680
tt1321870,6.7,225774
tt1322269,7.2,97296
tt1322312,6.3,60449
tt1322313,6.9,1481
tt1323594,7.6,606843
tt1324059,7.6,35632
tt1324999,4.9,262075
tt1326972,7.5,25903
tt1327194,6.4,116046
tt1327773,7.2,121651
tt1331064,6.0,8682
tt1333125,4.4,116107
tt1334260,7.1,156254
tt1334470,5.4,4898
tt1334512,5.7,53432
tt1335975,6.2,174989
tt1336608,5.9,82913
tt1337051,6.9,5423
tt1339161,6.7,4674
tt1340138,6.3,299267
tt1341167,7.3,87956
tt1341188,5.4,56078
tt1343092,7.2,617941
tt1343727,7.1,303540
tt1345836,8.4,1901501
tt1351685,6.3,150524
tt1352824,6.3,79934
tt1355546,7.6,12003
tt1355630,6.7,129768
tt1355631,7.0,82324
tt1355644,7.0,471462
tt1355683,6.8,197492
tt1361313,5.8,5496
tt1361809,7.4,3655
tt1365050,7.7,88882
tt1366338,5.7,2796
tt1366344,5.6,73486
tt1366365,4.9,40471
tt1366687,5.7,1917
tt1369706,5.5,46092
tt1370429,7.3,3363
tt1371111,7.4,380353
tt1371150,6.6,91684
tt1372686,6.1,34121
tt1373243,6.1,891
tt1374989,5.8,62052
tt1374992,6.3,74876
tt1375666,8.8,2665014
tt1375670,6.0,292655
tt1376213,5.5,7365
tt1379177,6.7,28015
tt1379222,6.6,4278
tt1385826,7.0,276516
tt1385867,5.5,91425
tt1386588,6.7,297695
tt1386697,5.9,738624
tt1386703,6.2,271227
tt1386932,7.5,113556
tt1388441,7.2,1605
tt1389137,7.0,155600
tt1389139,5.2,8346
tt1390411,6.9,154632
tt1391137,4.7,10531
tt1392170,7.2,1035944
tt1392190,8.1,1158510
tt1392197,4.3,18096
tt1392214,8.2,863157
tt1396218,6.0,108902
tt1396226,7.3,17684
tt1397280,6.2,329893
tt1397514,5.7,115882
tt1398426,7.8,226243
tt1399103,6.2,442691
tt1399683,7.1,154007
tt1401152,6.8,272713
tt1402488,5.8,49114
tt1403130,6.8,8710
tt1403177,6.9,54838
tt1403214,7.0,10552
tt1403865,7.6,365680
tt1403981,7.1,158997
tt1403988,5.0,12682
tt1405810,7.2,13773
tt1408101,7.7,503259
tt1408253,6.1,126088
tt1409024,6.8,399042
tt1410063,7.5,56946
tt1411238,6.2,249320
tt1411250,6.4,182133
tt1411697,6.5,553306
tt1411704,5.4,38558
tt1412528,5.8,31800
tt1413495,5.6,39854
tt1414382,5.7,55572
tt1415283,6.1,38453
tt1418377,5.1,84831
tt1422136,6.2,31392
tt1423894,7.3,26943
tt1423995,5.4,43517
tt1424381,6.4,251430
tt1425922,4.8,2428
tt1426329,6.2,43650
tt1428538,6.1,221588
tt1430132,6.7,509683
tt1430612,5.6,44868
tt1430615,6.5,20868
tt1430626,6.7,52782
tt1431181,7.4,31565
tt1433108,6.4,114688
tt1433811,7.5,79011
tt1433822,4.1,20909
tt1436045,7.5,70079
tt1436562,6.9,259686
tt1437366,7.0,4509
tt1438176,6.4,116466
tt1438254,6.4,65559
tt1438463,6.2,3586
tt1440129,5.8,262526
tt1440232,7.1,27625
tt1440266,7.6,16311
tt1440345,6.7,37831
tt1440728,6.3,104121
tt1440732,5.4,19585
tt1441395,6.3,163909
tt1441951,6.8,21788
tt1441952,6.8,68064
tt1441956,6.4,3348
tt1446192,7.2,199960
tt1446714,7.0,674094
tt1447508,7.4,12945
tt1447972,5.8,11790
tt1448755,6.4,137745
tt1449283,7.1,29419
tt1450321,7.0,118892
tt1452628,4.9,27867
tt1453405,7.2,406506
tt1454029,8.1,510073
tt1454468,7.7,879329
tt1454523,6.9,5145
tt1455811,6.1,13853
tt1456941,6.1,32360
tt1458169,5.9,40113
tt1458175,7.3,211151
tt1462041,6.0,70264
tt1462758,7.0,172464
tt1464174,4.5,30305
tt1464191,6.2,3357
tt1464540,6.1,249436
tt1464580,6.4,44989
tt1465487,6.7,28011
tt1465522,7.5,200423
tt1469304,5.5,210329
tt1470023,5.6,48362
tt1470827,6.3,99609
tt1472584,4.6,21068
tt1473832,6.4,87435
tt1477076,5.5,113982
tt1477109,6.0,6550
tt1478338,6.8,316121
tt1478964,6.7,113337
tt1480656,5.1,51138
tt1480660,6.5,6141
tt1482459,6.4,136076
tt1483010,5.9,333
tt1483013,7.0,568744
tt1486185,5.4,117485
tt1486192,6.4,89250
tt1486193,5.6,14466
tt1486834,6.8,83005
tt1487118,6.3,27449
tt1487931,5.6,6680
tt1488555,6.3,200524
tt1489167,6.4,4327
tt1489889,6.3,224546
tt1490017,7.7,399965
tt1490785,5.8,8526
tt1491044,6.8,81715
tt1496025,6.3,164160
tt1496422,5.7,40819
tt1498569,6.7,18580
tt1499201,5.7,7672
tt1499658,6.9,478116
tt1500516,6.5,1920
tt1502404,5.4,104949
tt1502712,4.3,182170
tt1504319,5.4,1898
tt1506999,5.8,91249
tt1507563,4.3,9628
tt1509767,5.7,113754
tt1510907,6.7,379
tt1512235,6.7,85117
tt1514041,5.8,11134
tt1515091,7.4,490907
tt1517260,5.8,120044
tt1517489,3.6,29423
tt1521197,6.8,42662
tt1524137,6.4,127667
tt1524575,4.7,19627
tt1524930,6.2,126344
tt1527186,7.1,201555
tt1527679,6.6,360
tt1528100,6.0,182843
tt1528854,6.2,134108
tt1529572,6.9,45214
tt1531663,6.4,54061
tt1531901,6.5,47070
tt1532261,5.7,574
tt1532382,5.7,1938
tt1532503,7.2,95860
tt1532958,5.0,9770
tt1533749,6.8,20444
tt1535108,6.6,480967
tt1535109,7.8,506050
tt1535438,6.3,45175
tt1535616,5.7,39524
tt1535970,6.5,20714
tt1536048,6.2,13904
tt1538403,5.8,140828
tt1540011,5.0,51418
tt1540133,7.3,98530
tt1541160,6.3,34543
tt1541995,6.1,4093
tt1542344,7.5,412609
tt1542482,6.8,2288
tt1547230,4.4,3541
tt1547234,6.5,120150
tt1549589,5.6,7775
tt1554091,7.2,16820
tt1555064,6.3,19222
tt1559547,6.1,92031
tt1560747,7.1,191309
tt1563738,7.0,174105
tt1564349,6.8,26199
tt1564367,6.4,276213
tt1564585,4.5,93237
tt1566501,6.5,5460
tt1566637,4.5,1539
tt1568338,6.6,160350
tt1568346,7.8,511260
tt1568911,7.2,169006
tt1568921,7.6,110193
tt1569364,5.7,5575
tt1570728,7.4,588736
tt1570989,6.2,15070
tt1571222,6.4,110157
tt1572315,4.8,58068
tt1572491,6.5,15607
tt1578116,6.5,7176
tt1578275,5.3,57605
tt1582271,5.5,7520
tt1582507,5.5,82980
tt1583420,6.1,73365
tt1583421,5.7,189711
tt1584131,3.5,1343
tt1586265,5.7,76942
tt1586752,6.7,70007
tt1587310,6.9,411495
tt1587729,7.2,5955
tt1588173,6.8,249265
tt1588334,6.4,65986
tt1591479,6.4,72849
tt1592525,6.0,102044
tt1594562,5.5,38305
tt1594972,3.4,10392
tt1595366,7.5,7031
tt1596343,7.3,418785
tt1596345,7.0,51949
tt1596346,7.0,54292
tt1596350,6.3,197097
tt1596363,7.8,506619
tt1596365,6.4,196209
tt1598778,6.8,323059
tt1598822,5.6,91360
tt1598828,5.3,44689
tt1599348,6.7,243406
tt1599975,6.5,4382
tt1600195,5.1,84528
tt1600196,7.0,165669
tt1601913,6.7,268539
tt1602098,6.7,25987
tt1602472,6.0,15146
tt1602476,6.1,8137
tt1602613,5.7,120434
tt1602620,7.9,108013
tt1603257,4.7,25983
tt1604171,5.4,15883
tt1605630,6.7,228482
tt1605769,5.8,4202
tt1605783,7.6,460222
tt1606378,5.2,218984
tt1606389,6.8,209208
tt1606392,7.1,55757
tt1608290,4.7,78718
tt1609168,8.1,7236
tt1609479,6.2,15880
tt1611224,5.9,164516
tt1612774,5.7,41582
tt1613062,7.5,8833
tt1615065,6.4,136568
tt1615147,7.1,151778
tt1615918,4.4,41624
tt1616195,6.5,135526
tt1617661,5.3,197927
tt1618442,5.9,112608
tt1619029,6.6,85162
tt1620464,5.3,237
tt1620549,5.2,1112
tt1620935,6.8,32158
tt1621039,5.8,27138
tt1621045,6.5,51560
tt1622547,6.0,108020
tt1622979,5.9,130974
tt1623205,6.3,218085
tt1623288,7.0,113204
tt1625346,6.3,89113
tt1628841,5.2,193975
tt1631867,7.9,767999
tt1632708,6.5,407570
tt1633356,4.1,27640
tt1634003,6.4,10647
tt1634122,6.3,145009
tt1636826,6.7,244170
tt1637688,6.7,464476
tt1637706,6.4,91537
tt1638355,7.2,345493
tt1640459,6.1,49506
tt1640484,5.7,11798
tt1640548,5.8,25646
tt1640711,5.7,13756
tt1645089,8.2,80969
tt1645170,6.5,348879
tt1646971,7.8,378929
tt1646980,5.9,32099
tt1646987,5.7,198939
tt1647668,7.0,48546
tt1648112,6.4,18390
tt1648190,5.6,150346
tt1649419,7.5,254639
tt1650043,6.6,38982
tt1650048,7.6,22704
tt1650062,7.0,373304
tt1650554,6.5,294426
tt1651118,7.6,1613
tt1655420,6.9,90569
tt1655441,7.2,218398
tt1655442,7.8,251847
tt1655460,5.6,81865
tt1655607,6.9,8127
tt1656186,5.5,46997
tt1656190,6.5,121294
tt1656192,6.3,19837
tt1657507,6.4,111138
tt1657510,6.4,9627
tt1658801,6.6,13501
tt1659337,7.9,567893
tt1659343,5.1,21798
tt1661199,6.9,196415
tt1661275,6.8,21734
tt1661382,6.4,63748
tt1662293,4.4,5333
tt1663143,5.4,15569
tt1663202,8.0,906732
tt1663207,5.8,20646
tt1663321,7.0,10162
tt1663662,6.9,543517
tt1666186,3.4,52977
tt1666801,6.4,104348
tt1667310,6.2,41704
tt1667353,5.6,92840
tt1667889,6.5,233487
tt1668200,7.5,18200
tt1670345,7.2,733143
tt1672091,6.8,605
tt1673434,5.6,270894
tt1674771,6.5,84184
tt1674784,5.3,46488
tt1675192,7.3,112048
tt1675197,6.6,1110
tt1679335,6.4,96194
tt1680058,6.9,3257
tt1682180,6.7,116582
tt1683921,6.6,5186
tt1684233,6.1,35224
tt1687247,7.6,15677
tt1687901,6.5,70377
tt1691916,6.4,58400
tt1691917,5.7,50222
tt1692486,7.1,135478
tt1694020,5.8,41134
tt1694542,6.8,17034
tt1695994,4.5,4022
tt1698641,6.2,47552
tt1699745,6.1,864
tt1700258,6.2,10565
tt1700423,6.2,3132
tt1700841,6.1,218199
tt1701210,6.6,12835
tt1702439,6.7,118778
tt1702443,1.7,76519
tt1704573,6.8,65416
tt1705772,7.7,17009
tt1706593,7.0,269267
tt1706620,7.1,404436
tt1707386,7.5,353430
tt1711425,5.8,78311
tt1711525,5.9,91421
tt1712170,5.2,36164
tt1712261,6.3,79605
tt1713440,6.8,8703
tt1714203,3.8,46606
tt1714206,7.0,165045
tt1714209,4.7,34801
tt1715336,6.4,25825
tt1716777,7.0,44578
tt1718881,5.8,306
tt1719071,6.0,4679
tt1720254,4.8,6567
tt1723121,7.0,503968
tt1723642,5.5,4403
tt1723811,7.2,210878
tt1725795,6.6,13953
tt1726589,5.6,8219
tt1726592,6.3,86527
tt1726669,6.7,85538
tt1727388,7.4,159943
tt1727776,6.3,57783
tt1730768,7.0,48118
tt1731141,6.6,259717
tt1731697,5.2,33338
tt1735898,6.1,308581
tt1740707,6.9,81227
tt1740710,5.9,10576
tt1741273,6.3,53415
tt1742044,6.8,37632
tt1742334,5.7,67367
tt1742650,5.0,21459
tt1747958,6.5,21635
tt1748122,7.8,373457
tt1748179,6.2,68170
tt1748197,4.4,22000
tt1753383,7.3,82631
tt1753722,7.3,5596
tt1754656,7.6,68715
tt1756415,5.4,4533
tt1758595,5.6,21192
tt1758795,5.8,42934
tt1758830,6.2,154727
tt1762399,5.2,12134
tt1763264,6.0,25596
tt1764183,6.6,56199
tt1764234,6.2,156469
tt1764625,5.9,9465
tt1764651,6.6,327885
tt1766044,6.8,682
tt1767382,5.2,25118
tt1770734,6.2,13190
tt1772230,5.7,6666
tt1772240,5.2,59060
tt1772288,7.0,34085
tt1772341,7.7,476960
tt1777595,6.3,2352
tt1780762,4.8,12681
tt1781784,7.4,796
tt1782568,6.2,3900
tt1786751,6.6,11561
tt1787759,4.9,8834
tt1788391,6.4,47295
tt1790809,6.5,363108
tt1790885,7.4,329140
tt1791528,6.6,113851
tt1791681,3.8,2629
tt1791682,6.3,54696
tt1794850,5.3,1960
tt1796603,2.8,1245
tt1796657,6.3,2270
tt1798603,5.6,29981
tt1798684,7.3,267551
tt1798709,8.0,698144
tt1800241,7.2,508711
tt1800246,6.1,108896
tt1800302,6.7,71488
tt1800741,6.4,59022
tt1809398,7.2,190055
tt1810683,7.3,24552
tt1814621,5.7,36635
tt1815862,4.8,212829
tt1816518,7.8,23153
tt1817273,7.3,297798
tt1820462,3.9,3622
tt1820555,4.9,331
tt1821317,8.1,7548
tt1821549,7.7,125957
tt1823664,5.4,41972
tt1823672,6.8,276771
tt1826590,6.0,25504
tt1826660,6.3,4083
tt1833673,5.4,50990
tt1837703,6.2,43369
tt1837709,6.1,58064
tt1839596,7.8,52289
tt1839642,6.2,6110
tt1840309,6.6,503250
tt1840417,7.0,82979
tt1841642,5.3,17040
tt1843866,7.7,928937
tt1847713,4.8,1470
tt1849718,6.9,27774
tt1850397,6.3,61430
tt1850457,6.0,71344
tt1853728,8.5,1776548
tt1854236,6.5,15167
tt1854564,5.7,130073
tt1855199,7.6,279494
tt1855325,5.3,154246
tt1857842,5.8,3000
tt1859650,6.3,91990
tt1860152,6.0,3426
tt1860213,5.9,137507
tt1860353,6.4,117216
tt1860357,7.1,190424
tt1862079,6.9,132881
tt1866249,7.2,44487
tt1867093,5.6,10389
tt1869716,6.8,53202
tt1872181,6.6,560027
tt1872194,7.4,212867
tt1876451,5.8,6777
tt1877832,7.9,767141
tt1878841,4.5,17428
tt1878870,7.3,145540
tt1881002,5.6,47699
tt1885300,6.4,10180
tt1893256,6.2,79409
tt1895587,8.1,516456
tt1899353,7.6,222923
tt1904996,6.2,132475
tt1905041,7.0,427075
tt1907668,7.3,385677
tt1911644,6.7,132011
tt1911658,6.6,108122
tt1920849,5.3,49618
tt1921064,5.5,119629
tt1922612,5.6,6115
tt1922685,5.9,15434
tt1924396,7.8,132632
tt1924429,6.9,119242
tt1924435,6.4,141872
tt1925431,5.6,27947
tt1929263,5.9,29242
tt1931435,5.6,52788
tt1931533,7.1,280311
tt1934231,7.6,33327
tt1934269,7.0,3321
tt1935179,7.4,193906
tt1935859,6.7,199921
tt1939659,5.8,151864
tt1945062,4.8,11151
tt1948150,6.8,20296
tt1951181,6.6,34476
tt1951261,5.8,346918
tt1951264,7.5,743637
tt1951265,6.6,521159
tt1951266,6.6,390764
tt1954352,5.9,2141
tt1954470,8.2,107031
tt1954701,7.3,17895
tt1956620,5.1,120508
tt1959490,5.8,270994
tt1964418,6.4,195208
tt1966566,5.7,18037
tt1967545,6.9,54098
tt1969062,6.9,17333
tt1972571,6.7,82277
tt1972591,6.7,239540
tt1972779,6.7,79219
tt1974419,6.1,107287
tt1974420,5.7,11943
tt1976009,6.0,61892
tt1976608,7.2,191
tt1979320,8.1,531219
tt1979388,6.7,133080
tt1980209,6.4,235354
tt1980929,7.4,171251
tt1981107,7.0,20658
tt1981115,6.7,748005
tt1981677,7.1,339346
tt1985019,6.3,24486
tt1985949,6.3,109909
tt1985966,6.3,119578
tt1990314,7.0,66456
tt1996264,6.0,17466
tt2002718,5.6,83876
tt2004432,6.2,23986
tt2005151,7.1,275055
tt2005374,6.4,70413
tt2006295,6.9,40603
tt2011159,5.6,22481
tt2012665,4.9,2857
tt2013293,7.8,105325
tt2015381,8.0,1310507
tt2016940,6.0,41636
tt2017020,5.3,47992
tt2017038,6.9,85258
tt2018086,6.5,4026
tt2023453,6.3,31588
tt2023587,6.2,195461
tt2024432,5.7,144018
tt2024469,6.9,281639
tt2024544,8.1,761421
tt2025526,7.1,13032
tt2025690,6.7,72530
tt2034139,4.0,17326
tt2034800,5.9,152539
tt2035599,7.3,732
tt2039393,6.0,75450
tt2042568,7.4,167410
tt2051894,5.9,3443
tt2053425,7.4,71725
tt2053463,7.1,200607
tt2057392,7.3,93845
tt2058107,7.1,43517
tt2058673,5.3,67601
tt2059171,6.3,40687
tt2062575,6.7,1161
tt2062700,5.6,23273
tt2063781,6.7,18165
tt2072233,5.6,35532
tt2076176,6.9,3284
tt2076251,5.7,1318
tt2077833,5.8,24928
tt2080374,7.2,182907
tt2082197,8.1,89562
tt2083355,6.6,17406
tt2084989,6.5,35507
tt2088003,5.4,36400
tt2088871,5.5,994
tt2091256,6.2,34297
tt2091473,6.6,40449
tt2091935,6.3,63486
tt2094766,5.6,213573
tt2096672,5.6,149136
tt2096673,8.1,859547
tt2097307,6.1,38089
tt2101441,5.3,151605
tt2101473,7.2,43063
tt2103217,6.1,41527
tt2103254,4.9,55926
tt2103267,6.2,37668
tt2103281,7.6,498385
tt2106361,5.8,73019
tt2106476,8.3,385207
tt2106741,6.5,2358
tt2109248,5.6,339610
tt2112124,6.2,67086
tt2112999,8.3,10441
tt2119532,8.1,631343
tt2120120,5.6,168681
tt2126235,5.7,17749
tt2126355,6.1,265873
tt2126362,5.7,10788
tt2131698,6.6,1740
tt2132285,5.6,93955
tt2140037,5.9,24507
tt2140373,7.5,172627
tt2140379,6.5,105647
tt2140479,7.3,340305
tt2167202,4.4,25587
tt2168910,6.3,15712
tt2170299,6.6,56557
tt2170439,6.3,189008
tt2170593,7.2,110636
tt2171867,5.2,23452
tt2172934,6.2,99577
tt2172935,7.1,18450
tt2177771,6.1,145324
tt2178470,7.3,54715
tt2179136,7.3,547750
tt2180411,5.9,150647
tt2181931,7.8,40651
tt2182972,5.8,10482
tt2183034,5.7,20078
tt2191701,5.4,178167
tt2193215,5.4,107671
tt2194499,7.8,409642
tt2199571,6.6,117761
tt2199711,7.9,41332
tt2203939,6.0,156167
tt2209418,7.9,178458
tt2209764,6.2,242455
tt2210834,6.1,3193
tt2215719,6.0,13957
tt2217859,6.6,14543
tt2223990,6.8,69534
tt2224004,6.2,6617
tt2224026,6.5,115725
tt2224317,7.4,17532
tt2234155,6.3,219934
tt2238032,5.6,23072
tt2239822,6.4,203264
tt2239832,5.7,23582
tt2241351,6.5,108969
tt2243389,5.6,25145
tt2243621,5.4,2981
tt2244376,7.2,385
tt2245084,7.8,525278
tt2247476,6.6,17223
tt2258337,7.7,28604
tt2261287,6.8,25434
tt2262227,7.2,80752
tt2265171,7.9,134927
tt2267968,7.1,202517
tt2267998,8.1,1113901
tt2268016,5.6,62501
tt2277860,7.2,317593
tt2278388,8.1,921251
tt2278871,7.7,168045
tt2279339,5.8,28205
tt2279373,6.0,64133
tt2281587,6.4,38056
tt2288121,4.1,3705
tt2292959,3.8,12274
tt2294449,7.0,420785
tt2294629,7.4,684940
tt2294677,6.6,33381
tt2295196,6.3,1207
tt2302755,6.5,299354
tt2304517,3.1,2196
tt2304655,7.1,7500
tt2304771,7.1,29578
tt2304933,5.2,121093
tt2305051,7.1,142609
tt2309961,6.2,26587
tt2310332,7.4,593790
tt2312718,6.5,135074
tt2316204,6.4,327970
tt2316801,6.4,23336
tt2318092,6.2,48368
tt2318405,6.1,5089
tt2319580,7.0,20000
tt2321405,7.8,31076
tt2321513,7.0,344
tt2321517,5.4,1341
tt2321549,6.8,259490
tt2325977,5.2,10245
tt2326554,6.9,40044
tt2328813,6.5,6670
tt2333784,6.1,200772
tt2333804,6.0,50603
tt2334871,4.7,38327
tt2334873,7.3,215893
tt2334879,6.3,242610
tt2338151,8.1,209586
tt2343793,6.3,29848
tt2345112,6.4,17977
tt2345561,6.9,2405
tt2345737,6.4,52803
tt2345759,5.4,213399
tt2350496,7.8,63327
tt2355495,6.5,27954
tt2356180,8.2,74300
tt2357129,6.0,105357
tt2357291,6.3,105646
tt2357377,6.6,7804
tt2358592,8.3,13586
tt2358891,7.7,101791
tt2358925,5.4,35678
tt2359810,7.6,35948
tt2361317,6.4,60876
tt2361509,7.1,291163
tt2363213,5.8,9017
tt2364841,5.6,66345
tt2366608,5.7,19482
tt2368619,6.3,52730
tt2368672,7.1,9361
tt2369135,6.4,182224
tt2371486,6.6,6724
tt2372222,6.0,73981
tt2375605,8.2,42165
tt2377938,8.0,60574
tt2379713,6.8,478927
tt2381111,7.5,154575
tt2381249,7.4,423102
tt2381941,6.6,285223
tt2381991,6.1,123191
tt2382396,6.8,52358
tt2383068,6.1,21959
tt2387433,6.3,81921
tt2387499,5.9,70298
tt2387559,6.3,84072
tt2388715,6.5,144580
tt2392830,6.4,6498
tt2395427,7.3,954370
tt2397535,7.4,320185
tt2398231,6.6,37028
tt2398241,6.0,25656
tt2401097,5.6,20444
tt2401878,7.2,77004
tt2402101,6.2,48860
tt2402157,6.3,71800
tt2402927,7.3,147967
tt2403021,5.4,52096
tt2404181,7.3,34007
tt2404233,5.4,130401
tt2404311,6.3,125490
tt2404425,7.3,64782
tt2404435,6.9,236199
tt2404461,7.7,51689
tt2404463,6.6,184586
tt2406566,6.7,213391
tt2424988,7.0,27285
tt2431286,7.6,105454
tt2436386,6.4,85902
tt2436682,5.8,12308
tt2446042,6.0,209545
tt2446980,6.6,149007
tt2452042,7.0,51419
tt2452254,6.7,31881
tt2456720,5.2,1273
tt2461150,5.8,62779
tt2463288,6.0,58067
tt2465146,5.9,15723
tt2465578,7.2,13728
tt2467046,3.1,43536
tt2473510,4.6,31844
tt2476154,4.5,6926
tt2488496,7.8,995383
tt2494384,5.3,4178
tt2503944,6.6,137561
tt2510894,6.6,151534
tt2513074,6.2,24599
tt2515030,6.5,23786
tt2515034,5.8,44122
tt2523600,6.9,4748
tt2528814,4.6,45995
tt2543164,7.9,810972
tt2547584,7.2,61507
tt2550838,5.4,1322
tt2554274,6.5,163035
tt2555736,6.5,36828
tt2555958,7.0,10737
tt2561572,6.0,150441
tt2562232,7.7,680388
tt2567026,6.2,128088
tt2568862,6.6,95161
tt2576852,8.0,57674
tt2581244,5.7,25112
tt2582500,4.8,15288
tt2582782,7.6,263524
tt2582802,8.5,1062523
tt2592500,6.2,2512
tt2592614,5.5,104324
tt2612156,7.5,547
tt2626350,5.9,36739
tt2631186,8.0,143965
tt2637276,6.3,245377
tt2637294,5.0,42923
tt2638144,5.7,48038
tt2649554,6.6,85400
tt2660888,7.0,264083
tt2667960,5.5,6344
tt2668134,6.4,13094
tt2671706,7.2,121405
tt2671776,5.2,1050
tt2679042,5.7,98792
tt2692250,6.2,141521
tt2692904,7.1,163801
tt2702724,5.4,49757
tt2707858,6.2,13410
tt2713180,7.6,574712
tt2717558,6.9,3412
tt2717822,5.5,65827
tt2718492,7.4,61849
tt2719848,7.1,239098
tt2720680,6.7,44608
tt2726560,7.0,91399
tt2737050,7.3,51308
tt2752758,4.2,18137
tt2752772,5.3,63672
tt2763304,7.1,136771
tt2771200,7.1,345242
tt2771372,6.7,55550
tt2786278,7.9,3560
tt2788556,6.4,7072
tt2788710,6.5,365616
tt2788732,6.7,62842
tt2796678,4.5,1269
tt2799166,4.6,28077
tt2800038,4.3,4016
tt2802144,7.7,748253
tt2820852,7.1,425401
tt2822672,6.0,6226
tt2823054,6.0,97772
tt2844798,6.8,17396
tt2848292,6.4,174388
tt2855648,7.6,25807
tt2865120,5.5,12109
tt2869728,5.9,65121
tt2870612,6.3,121456
tt2870708,6.6,39377
tt2870756,6.5,72109
tt2872518,6.3,40906
tt2872718,7.8,633089
tt2872732,6.4,553906
tt2883434,6.6,14189
tt2883512,7.3,240964
tt2884018,6.6,60518
tt2888046,7.0,62159
tt2891174,7.1,39583
tt2893490,5.5,8173
tt2908446,6.2,263028
tt2908856,6.4,10455
tt2909116,6.6,6372
tt2910814,6.0,70802
tt2910904,7.0,68376
tt2911666,7.5,774267
tt2932536,5.6,63005
tt2933544,6.2,11431
tt2937696,6.9,62228
tt2937898,6.9,79717
tt2938956,5.2,46203
tt2948356,8.0,575373
tt2952602,6.4,12372
tt2967224,5.1,55430
tt2975590,6.5,768961
tt2978102,5.6,8837
tt2978462,6.4,10019
tt2979920,5.5,6582
tt2980210,6.1,48474
tt2980516,7.7,494861
tt2980592,6.7,111111
tt2980648,7.3,89311
tt2980706,5.9,20676
tt2994190,6.9,43607
tt3007512,7.0,79382
tt3014666,5.3,14684
tt3014866,6.3,72987
tt3018070,5.4,4576
tt3037582,7.7,3597
tt3040964,7.3,298206
tt3045616,5.5,78353
tt3060952,7.2,38753
tt3062096,6.2,195145
tt3065204,7.3,316384
tt3068194,6.4,26960
tt3072482,6.7,105148
tt3076658,7.6,319887
tt3077214,6.9,45575
tt3079380,7.0,266790
tt3095734,5.7,19658
tt3098306,5.3,2436
tt3099498,5.4,67836
tt3110958,6.4,335412
tt3125324,6.8,17925
tt3135556,5.1,3125
tt3142232,5.2,10960
tt3152624,6.2,144935
tt3164256,5.5,12988
tt3170832,8.1,465734
tt3172532,6.8,34401
tt3177316,5.7,27962
tt3181776,5.5,17394
tt3182620,6.0,4252
tt3183660,7.2,522994
tt3202120,6.1,3315
tt3203606,7.4,85962
tt3210686,5.7,19902
tt3216348,5.3,14475
tt3231054,6.3,31671
tt3235888,6.8,285288
tt3253930,7.2,37489
tt3263904,7.4,310131
tt3266724,2.8,2708
tt3268668,5.4,7378
tt3276924,6.1,33543
tt3289728,6.0,33613
tt3300542,5.9,174954
tt3312830,7.3,85822
tt3315342,8.1,883386
tt3316948,6.1,98057
tt3316960,7.5,146814
tt3320578,6.5,9207
tt3321428,5.4,4713
tt3322364,7.1,102633
tt3331846,7.3,10069
tt3332064,5.7,68269
tt3338310,3.1,709
tt3352390,5.2,28392
tt3369806,6.6,28977
tt3371366,5.2,176655
tt3381008,6.2,114995
tt3385516,6.8,477106
tt3387266,6.9,17339
tt3387542,4.8,46700
tt3393786,6.2,184176
tt3397884,7.7,504604
tt3399024,6.7,17623
tt3410834,5.7,140112
tt3416532,7.4,96210
tt3416828,5.7,80161
tt3433074,4.2,5645
tt3442006,6.4,39379
tt3450650,4.4,42593
tt3450958,7.4,314430
tt3451498,6.1,1319
tt3460252,7.8,687433
tt3462710,5.1,17314
tt3464902,7.1,317119
tt3470600,7.1,201477
tt3488710,7.3,138238
tt3495026,6.8,50524
tt3498820,7.8,883139
tt3499096,7.1,42667
tt3508840,6.3,18408
tt3517192,7.7,6596
tt3521164,7.6,410703
tt3522806,5.7,97728
tt3530002,6.4,86466
tt3531824,6.5,143622
tt3540136,5.3,6178
tt3544112,7.9,104173
tt3553442,6.6,58061
tt3553976,7.8,242951
tt3569230,6.9,212534
tt3593046,6.0,4474
tt3595298,4.4,24322
tt3605418,4.9,109737
tt3606752,6.7,134297
tt3606888,7.3,35392
tt3612616,8.0,63718
tt3614530,4.2,8489
tt3616916,6.6,44637
tt3621288,4.8,508
tt3622592,6.2,109762
tt3623726,6.0,25394
tt3628584,5.9,16571
tt3631112,6.5,204899
tt3640424,7.1,174841
tt3655414,6.2,7532
tt3659388,8.0,962593
tt3668162,8.3,24070
tt3672840,5.9,21876
tt3678782,7.4,26786
tt3682448,7.6,335215
tt3691740,6.3,96170
tt3707106,5.3,23056
tt3714720,6.6,15046
tt3715320,6.6,68749
tt3716530,7.1,72775
tt3717252,5.8,83363
tt3717490,5.9,116470
tt3722070,6.7,33348
tt3731562,6.7,361436
tt3735246,7.3,40013
tt3748528,7.8,709866
tt3760922,6.0,36671
tt3767372,7.6,35329
tt3774114,7.3,167739
tt3774694,6.1,70427
tt3781476,6.1,5870
tt3787590,6.2,41529
tt3791302,6.9,3947
tt3794028,6.6,6924
tt3797868,6.5,47787
tt3799694,7.4,391829
tt3801252,7.4,4199
tt3808342,7.4,53151
tt3824458,7.1,39932
tt3835080,5.1,23904
tt3850590,6.2,90141
tt3859076,6.8,21856
tt3859304,6.1,13885
tt3859980,5.6,13184
tt3862750,5.6,11572
tt3863552,8.1,103566
tt3874544,6.3,148496
tt3882082,6.0,105092
tt3890160,7.5,645597
tt3896100,5.8,4221
tt3896198,7.6,789459
tt3922818,6.4,57373
tt3949660,5.9,103001
tt3966404,7.6,41826
tt4005402,7.0,58408
tt4016934,8.1,186082
tt4030600,4.3,26877
tt4034228,7.8,330068
tt4034354,6.9,137046
tt4046784,6.3,290504
tt4048272,7.3,53307
tt4052882,6.3,148809
tt4057376,6.8,6683
tt4062536,7.0,147428
tt4088268,7.0,23479
tt4110568,7.0,20813
tt4116284,7.3,181113
tt4120176,6.9,15079
tt4129870,5.7,12134
tt4136084,6.8,60916
tt4139124,6.2,53600
tt4142022,6.1,2882
tt4158096,6.3,52080
tt4158624,6.0,7151
tt4172430,7.3,170377
tt4176826,7.0,51836
tt4183692,6.4,8066
tt4187590,6.5,1768
tt4190530,7.2,56663
tt4196450,6.5,22200
tt4196776,6.6,249332
tt4217392,5.2,11791
tt4228746,4.5,1540
tt4257926,7.1,29784
tt4258292,7.3,10764
tt4262980,6.8,40509
tt4271820,7.4,7108
tt4276752,5.9,4536
tt4276820,7.2,190598
tt4285496,7.8,25134
tt4287320,5.4,103031
tt4302938,7.7,142304
tt4306116,6.9,659
tt4337690,4.9,4470
tt4341582,7.4,19297
tt4353996,7.1,10518
tt4361050,6.2,78591
tt4374460,7.6,8064
tt4383594,5.3,25050
tt4385888,7.3,50925
tt4387040,7.9,59673
tt4425200,7.4,536577
tt4429194,5.8,10050
tt4434004,7.7,33086
tt4438848,5.7,133663
tt4465564,4.6,116209
tt4481414,7.6,150190
tt4501244,6.2,130318
tt4501454,6.3,14522
tt4513674,6.6,83012
tt4520364,5.9,47919
tt4535650,5.1,40180
tt4537362,1.2,670
tt4540710,7.5,85667
tt4550098,7.4,327012
tt4572514,7.3,117591
tt4572792,6.6,30032
tt4581576,5.7,27650
tt4624424,6.8,69738
tt4629032,6.7,2081
tt4630562,6.6,262977
tt4643432,7.0,1495
tt4645330,6.8,24340
tt4649416,6.2,8756
tt4651410,4.6,10073
tt4651520,6.2,137927
tt4667094,3.5,23899
tt4669986,7.0,37804
tt4679210,8.3,25310
tt4682786,6.8,107197
tt4687848,5.8,5100
tt4701660,6.2,10510
tt4714782,6.1,44589
tt4731008,5.4,6826
tt4731136,6.4,114556
tt4761270,5.8,672
tt4799050,5.2,57275
tt4806232,8.0,5205
tt4814290,7.2,14056
tt4824302,5.7,41105
tt4824308,4.3,13931
tt4832640,7.1,54617
tt4846340,7.8,271965
tt4853102,6.4,63382
tt4871022,4.7,257
tt4877122,3.4,75024
tt4881242,5.1,967
tt4901756,5.2,1703
tt4936450,7.3,15108
tt4943322,6.4,26907
tt4950110,5.8,4356
tt4954522,6.9,92949
tt4981636,6.1,10385
tt4981966,7.8,25103
tt4991384,8.4,12824
tt5013056,7.8,769006
tt5071886,6.1,14806
tt5082014,8.1,13902
tt5091538,6.2,2823
tt5161058,6.4,1513
tt5190958,8.7,2666
tt5221584,7.4,21241
tt5247022,7.3,91808
tt5278832,6.2,10439
tt5282006,6.3,3438
tt5286444,7.6,24171
tt5320514,7.6,4572
tt5442430,6.6,266047
tt5592248,6.3,64596
tt5606538,6.7,4889
tt5614612,6.2,6161
tt5646136,4.8,8067
tt5653294,6.6,6259
tt5662932,7.3,16507
tt5700672,7.6,281023
tt5946128,7.4,45026
tt5998104,7.3,2480
tt6003368,4.3,11724
tt6574272,5.4,7316
tt6673840,7.2,8362
